,Date_Produced,Log_ID,Item_Name,Item_Type,PLU,Meal,Action_Taken,Action_Reason,Quantity,Pan_ID,Pan_Weight,Unit,Station,Employee_Name,Location_ID,Location,Served,Saved,Sold,Shrink,logtime,locationId,imageId,imageKey
0,2019-10-01,44408,Kale,Menu Item,46000055842,Breakfast,Served,Start,8.35552,106,1.59,Lbs,SB,,51,Dedham,6.76552,0.0,6.76552,0.0,2019-10-02 06:07:40,51.0, 62903420-e4fc-11e9-90c3-45c3f76c0e47, 51/62903420e4fc11e990c345c3f76c0e47
1,2019-10-01,44409,Arugula,Menu Item,46000055714,Breakfast,Served,Start,7.69413,106,1.59,Lbs,SB,,51,Dedham,6.1041300000000005,0.0,6.1041300000000005,0.0,2019-10-02 06:08:40,51.0, 8aaff670-e4fc-11e9-90c3-45c3f76c0e47, 51/8aaff670e4fc11e990c345c3f76c0e47
2,2019-10-01,44411,Spring Mix,Menu Item,46000063050,Breakfast,Served,Start,6.37136,106,1.59,Lbs,SB,,51,Dedham,4.78136,0.0,4.78136,0.0,2019-10-02 06:10:40,51.0, cf9b8c40-e4fc-11e9-90c3-45c3f76c0e47, 51/cf9b8c40e4fc11e990c345c3f76c0e47
3,2019-10-01,44416,Romaine Lettuce,Menu Item,46000055863,Breakfast,Served,Start,9.50192,106,1.59,Lbs,SB,,51,Dedham,7.91192,0.0,7.91192,0.0,2019-10-02 06:13:20,51.0, 2ef72b40-e4fd-11e9-90c3-45c3f76c0e47, 51/2ef72b40e4fd11e990c345c3f76c0e47
4,2019-10-01,44420,Romaine Lettuce,Menu Item,46000055863,Breakfast,Served,Start,9.41374,106,1.59,Lbs,SB,,51,Dedham,7.823740000000001,0.0,7.823740000000001,0.0,2019-10-02 06:14:40,51.0, 64ff9100-e4fd-11e9-90c3-45c3f76c0e47, 51/64ff9100e4fd11e990c345c3f76c0e47
5,2019-10-01,44468,Chinese Black Pepper Green Beans ,Menu Item,46000024077,Breakfast,Served,Start,18.5629,106,1.59,Lbs,SB,,51,Dedham,16.9729,0.0,16.9729,0.0,2019-10-02 06:48:20,51.0, 1901e280-e502-11e9-8246-012e5e367d18, 51/1901e280e50211e98246012e5e367d18
6,2019-10-01,44469,Kale & Brussel Sprout Salad,Menu Item,46000007609,Breakfast,Served,Start,14.33,106,1.59,Lbs,SB,,51,Dedham,12.74,0.0,12.74,0.0,2019-10-02 06:48:40,51.0, 259b49a0-e502-11e9-8246-012e5e367d18, 51/259b49a0e50211e98246012e5e367d18
7,2019-10-01,44470,Sweet & Spicy Kale Pad Thai,Menu Item,46000003438,Breakfast,Served,Start,16.7331,106,1.59,Lbs,SB,,51,Dedham,15.1431,0.0,15.1431,0.0,2019-10-02 06:48:59,,,
8,2019-10-01,44471,Golden Sesame Tofu ,Menu Item,46000064603,Breakfast,Served,Start,18.5409,106,1.59,Lbs,SB,,51,Dedham,16.9509,0.0,16.9509,0.0,2019-10-02 06:49:20,51.0, 36714900-e502-11e9-90c3-45c3f76c0e47, 51/36714900e50211e990c345c3f76c0e47
9,2019-10-01,44476,Berry Power Salad,Menu Item,46000018433,Breakfast,Served,Start,9.01691,106,1.59,Lbs,SB,,51,Dedham,7.4269099999999995,0.0,7.4269099999999995,0.0,2019-10-02 06:51:40,,,
10,2019-10-01,44478,Fennel Pistachio Lemon Vin Salad,Menu Item,46000024075,Breakfast,Served,Start,14.7048,106,1.59,Lbs,SB,,51,Dedham,13.1148,0.0,13.1148,0.0,2019-10-02 06:51:59,51.0, 92a987f0-e502-11e9-90c3-45c3f76c0e47, 51/92a987f0e50211e990c345c3f76c0e47
11,2019-10-01,44486,Chophouse Steak Salad ,Menu Item,46000025181,Breakfast,Served,Start,19.1141,106,1.59,Lbs,SB,,51,Dedham,17.5241,0.0,17.5241,0.0,2019-10-02 06:55:59,51.0, 2856a3a0-e503-11e9-8246-012e5e367d18, 51/2856a3a0e50311e98246012e5e367d18
12,2019-10-01,44488,Beets w/ Sherry Vinaigrette,Menu Item,27994400000,Breakfast,Served,Start,22.3549,106,1.59,Lbs,SB,,51,Dedham,20.7649,0.0,20.7649,0.0,2019-10-02 06:56:20,51.0, 33afe9a0-e503-11e9-8246-012e5e367d18, 51/33afe9a0e50311e98246012e5e367d18
13,2019-10-01,44489,Lemon Artichoke Slaw,Menu Item,46000024076,Breakfast,Served,Start,17.5708,106,1.59,Lbs,SB,,51,Dedham,15.980799999999999,0.0,15.980799999999999,0.0,2019-10-02 06:56:40,51.0, 3f03b160-e503-11e9-8246-012e5e367d18, 51/3f03b160e50311e98246012e5e367d18
14,2019-10-01,44497,Chickpea Asparagus Radicchio ,Menu Item,46000024079,Breakfast,Served,Start,16.4244,106,1.59,Lbs,SB,,51,Dedham,14.834399999999999,0.0,14.834399999999999,0.0,2019-10-02 06:59:20,51.0, 9a586e20-e503-11e9-90c3-45c3f76c0e47, 51/9a586e20e50311e990c345c3f76c0e47
15,2019-10-01,44498,Kale White Bean Salad ,Menu Item,46000022419,Breakfast,Served,Start,12.7868,106,1.59,Lbs,SB,,51,Dedham,11.1968,0.0,11.1968,0.0,2019-10-02 06:59:40,51.0, a6d832c0-e503-11e9-90c3-45c3f76c0e47, 51/a6d832c0e50311e990c345c3f76c0e47
16,2019-10-01,44500,Potato & Scallion Salad ,Menu Item,46000027163,Breakfast,Served,Start,21.2746,106,1.59,Lbs,SB,,51,Dedham,19.6846,0.0,19.6846,0.0,2019-10-02 06:59:59,51.0, b39a5790-e503-11e9-8246-012e5e367d18, 51/b39a5790e50311e98246012e5e367d18
17,2019-10-01,44501,Sweet Potato & Vidalia Onion,Menu Item,46000060285,Breakfast,Served,Start,21.6714,106,1.59,Lbs,SB,,51,Dedham,20.0814,0.0,20.0814,0.0,2019-10-02 07:00:20,51.0, c40e87e0-e503-11e9-90c3-45c3f76c0e47, 51/c40e87e0e50311e990c345c3f76c0e47
18,2019-10-01,44506,Romaine Lettuce,Menu Item,46000055863,Breakfast,Served,Start,7.76027,106,1.59,Lbs,SB,,51,Dedham,6.17027,0.0,6.17027,0.0,2019-10-02 07:03:20,51.0, 2f122920-e504-11e9-90c3-45c3f76c0e47, 51/2f122920e50411e990c345c3f76c0e47
19,2019-10-01,44507,Spring Mix,Menu Item,46000063050,Breakfast,Served,Start,6.08476,106,1.59,Lbs,SB,,51,Dedham,4.49476,0.0,4.49476,0.0,2019-10-02 07:03:59,,,
20,2019-10-01,44508,Bistro Pasta Salad ,Menu Item,27661300000,Breakfast,Served,Start,14.1096,106,1.59,Lbs,SB,,51,Dedham,12.5196,0.0,12.5196,0.0,2019-10-02 07:04:20,51.0, 4af96900-e504-11e9-8246-012e5e367d18, 51/4af96900e50411e98246012e5e367d18
21,2019-10-01,44509,Roman Cappellini Pasta Salad ,Menu Item,27661900000,Breakfast,Served,Start,16.9976,106,1.59,Lbs,SB,,51,Dedham,15.407599999999999,0.0,15.407599999999999,0.0,2019-10-02 07:04:40,51.0, 5f374b80-e504-11e9-8246-012e5e367d18, 51/5f374b80e50411e98246012e5e367d18
22,2019-10-01,44510,Tortellini & Sopressata ,Menu Item,46000018400,Breakfast,Served,Start,18.0118,106,1.59,Lbs,SB,,51,Dedham,16.4218,0.0,16.4218,0.0,2019-10-02 07:04:59,51.0, 6b981670-e504-11e9-90c3-45c3f76c0e47, 51/6b981670e50411e990c345c3f76c0e47
23,2019-10-02,44511,Garlic Parmesan Pasta,Menu Item,26120900000,Breakfast,Served,Start,13.6687,100,1.61,Lbs,SB,,51,Dedham,12.0587,0.0,12.0587,0.0,2019-10-02 07:05:59,51.0, 874cd4a0-e504-11e9-90c3-45c3f76c0e47, 51/874cd4a0e50411e990c345c3f76c0e47
24,2019-10-02,44515,Blueberries,Menu Item,46000055747,Breakfast,Served,Start,9.87671,100,1.61,Lbs,SB,,51,Dedham,8.26671,0.0,8.26671,0.0,2019-10-02 07:09:40,51.0, 0a4dd160-e505-11e9-8246-012e5e367d18, 51/0a4dd160e50511e98246012e5e367d18
25,2019-10-02,44515,Blueberries,Menu Item,46000055747,Breakfast,Served,Start,9.87671,100,1.61,Lbs,SB,,51,Dedham,8.26671,0.0,8.26671,0.0,2019-10-02 07:09:40,51.0, 14281880-e505-11e9-90c3-45c3f76c0e47, 51/14281880e50511e990c345c3f76c0e47
26,2019-10-02,44514,Blackberries,Menu Item,46000055744,Breakfast,Served,Start,6.83433,100,1.61,Lbs,SB,,51,Dedham,5.224329999999999,0.0,5.224329999999999,0.0,2019-10-02 07:09:40,51.0, 0a4dd160-e505-11e9-8246-012e5e367d18, 51/0a4dd160e50511e98246012e5e367d18
27,2019-10-02,44514,Blackberries,Menu Item,46000055744,Breakfast,Served,Start,6.83433,100,1.61,Lbs,SB,,51,Dedham,5.224329999999999,0.0,5.224329999999999,0.0,2019-10-02 07:09:40,51.0, 14281880-e505-11e9-90c3-45c3f76c0e47, 51/14281880e50511e990c345c3f76c0e47
28,2019-10-02,44516,Honeydew Melon,Menu Item,46000055836,Breakfast,Served,Start,6.50364,100,1.61,Lbs,SB,,51,Dedham,4.8936399999999995,0.0,4.8936399999999995,0.0,2019-10-02 07:09:59,51.0, 1cf2c460-e505-11e9-8246-012e5e367d18, 51/1cf2c460e50511e98246012e5e367d18
29,2019-10-02,44517,Strawberries,Menu Item,46000055938,Breakfast,Served,Start,10.4279,100,1.61,Lbs,SB,,51,Dedham,8.8179,0.0,8.8179,0.0,2019-10-02 07:10:20,51.0, 268ef110-e505-11e9-90c3-45c3f76c0e47, 51/268ef110e50511e990c345c3f76c0e47
30,2019-10-02,44518,Red Grapes ,Menu Item,46000055827,Breakfast,Served,Start,10.6924,100,1.61,Lbs,SB,,51,Dedham,9.0824,0.0,9.0824,0.0,2019-10-02 07:10:40,51.0, 313fc210-e505-11e9-8246-012e5e367d18, 51/313fc210e50511e98246012e5e367d18
31,2019-10-02,44519,Seasonal Citrus ,Menu Item,46000013170,Breakfast,Served,Start,11.9711,100,1.61,Lbs,SB,,51,Dedham,10.3611,0.0,10.3611,0.0,2019-10-02 07:10:59,51.0, 3e7430b0-e505-11e9-90c3-45c3f76c0e47, 51/3e7430b0e50511e990c345c3f76c0e47
32,2019-10-02,44520,Cantalope,Menu Item,46000055768,Breakfast,Served,Start,7.42958,100,1.61,Lbs,SB,,51,Dedham,5.819579999999999,0.0,5.819579999999999,0.0,2019-10-02 07:11:20,51.0, 481a4870-e505-11e9-90c3-45c3f76c0e47, 51/481a4870e50511e990c345c3f76c0e47
33,2019-10-02,44522,Tofu Breakfast Scramble,Menu Item,46000008996,Breakfast,Served,Start,5.26905,100,1.61,Lbs,HB,,51,Dedham,3.6590499999999997,0.0,3.6590499999999997,0.0,2019-10-02 07:12:59,51.0, 835da3a0-e505-11e9-90c3-45c3f76c0e47, 51/835da3a0e50511e990c345c3f76c0e47
34,2019-10-02,44523,Plantains,Menu Item,46000001661,Breakfast,Served,Start,6.74615,100,1.61,Lbs,HB,,51,Dedham,5.13615,0.0,5.13615,0.0,2019-10-02 07:13:20,51.0, 8f96c250-e505-11e9-8246-012e5e367d18, 51/8f96c250e50511e98246012e5e367d18
35,2019-10-02,44524,Scrambled Eggs,Menu Item,46000064940,Breakfast,Served,Start,10.4279,100,1.61,Lbs,HB,,51,Dedham,8.8179,0.0,8.8179,0.0,2019-10-02 07:13:40,51.0, 9a4ebf40-e505-11e9-8246-012e5e367d18, 51/9a4ebf40e50511e98246012e5e367d18
36,2019-10-02,44524,Scrambled Eggs,Menu Item,46000064940,Breakfast,Served,Start,10.4279,100,1.61,Lbs,HB,,51,Dedham,8.8179,0.0,8.8179,0.0,2019-10-02 07:13:40,51.0, a44a7110-e505-11e9-8246-012e5e367d18, 51/a44a7110e50511e98246012e5e367d18
37,2019-10-02,44525,Ham & Cheese Omelet,Menu Item,46000059700,Breakfast,Served,Start,9.76648,100,1.61,Lbs,HB,,51,Dedham,8.15648,0.0,8.15648,0.0,2019-10-02 07:13:59,51.0, aef59cc0-e505-11e9-8246-012e5e367d18, 51/aef59cc0e50511e98246012e5e367d18
38,2019-10-02,44526,Egg White & Spinach Scramble,Menu Item,46000059699,Breakfast,Served,Start,12.39,100,1.61,Lbs,HB,,51,Dedham,10.780000000000001,0.0,10.780000000000001,0.0,2019-10-02 07:14:00,,,
39,2019-10-02,44531,Bacon ,Menu Item,46000060011,Breakfast,Served,Start,4.85017,100,1.61,Lbs,HB,,51,Dedham,3.24017,0.0,3.24017,0.0,2019-10-02 07:18:40,51.0, 4ba68700-e506-11e9-8246-012e5e367d18, 51/4ba68700e50611e98246012e5e367d18
40,2019-10-02,44531,Bacon ,Menu Item,46000060011,Breakfast,Served,Start,4.85017,100,1.61,Lbs,HB,,51,Dedham,3.24017,0.0,3.24017,0.0,2019-10-02 07:18:40,51.0, 533641e0-e506-11e9-8246-012e5e367d18, 51/533641e0e50611e98246012e5e367d18
41,2019-10-02,44530,Turkey Bacon ,Menu Item,46000065008,Breakfast,Served,Start,3.35103,100,1.61,Lbs,HB,,51,Dedham,1.74103,0.0,1.74103,0.0,2019-10-02 07:18:40,51.0, 4ba68700-e506-11e9-8246-012e5e367d18, 51/4ba68700e50611e98246012e5e367d18
42,2019-10-02,44530,Turkey Bacon ,Menu Item,46000065008,Breakfast,Served,Start,3.35103,100,1.61,Lbs,HB,,51,Dedham,1.74103,0.0,1.74103,0.0,2019-10-02 07:18:40,51.0, 533641e0-e506-11e9-8246-012e5e367d18, 51/533641e0e50611e98246012e5e367d18
43,2019-10-02,44532,Roasted Sweet Potatoes,Menu Item,46000064784,Breakfast,Served,Start,5.247,100,1.61,Lbs,HB,,51,Dedham,3.6369999999999996,0.0,3.6369999999999996,0.0,2019-10-02 07:18:59,51.0, 5b7130e0-e506-11e9-90c3-45c3f76c0e47, 51/5b7130e0e50611e990c345c3f76c0e47
44,2019-10-02,44533,Sausage Patties ,Menu Item,46000065097,Breakfast,Served,Start,3.37307,100,1.61,Lbs,HB,,51,Dedham,1.7630699999999997,0.0,1.7630699999999997,0.0,2019-10-02 07:19:20,51.0, 63d88710-e506-11e9-90c3-45c3f76c0e47, 51/63d88710e50611e990c345c3f76c0e47
45,2019-10-02,44533,Sausage Patties ,Menu Item,46000065097,Breakfast,Served,Start,3.37307,100,1.61,Lbs,HB,,51,Dedham,1.7630699999999997,0.0,1.7630699999999997,0.0,2019-10-02 07:19:20,51.0, 6ee4e590-e506-11e9-90c3-45c3f76c0e47, 51/6ee4e590e50611e990c345c3f76c0e47
46,2019-10-02,44535,Breakfast Potatoes,Menu Item,46000058382,Breakfast,Served,Start,18.0118,100,1.61,Lbs,HB,,51,Dedham,16.4018,0.0,16.4018,0.0,2019-10-02 07:19:40,,,
47,2019-10-02,44538,Blueberry Lemon Pancakes,Menu Item,46000063819,Breakfast,Served,Start,9.87671,100,1.61,Lbs,HB,,51,Dedham,8.26671,0.0,8.26671,0.0,2019-10-02 07:20:20,,,
48,2019-10-02,44552,Berry Power Salad,Menu Item,46000018433,Breakfast,Discarded,Over Produced,3.35103,100,1.61,Lbs,SB,,51,Dedham,0.0,0.0,-1.74103,1.74103,2019-10-02 07:27:40,51.0, 8ee0f4f0-e507-11e9-90c3-45c3f76c0e47, 51/8ee0f4f0e50711e990c345c3f76c0e47
49,2019-10-02,44554,Spinach Feta Orzo Salad,Menu Item,27848700000,Breakfast,Served,Start,9.72239,100,1.61,Lbs,SB,,51,Dedham,8.112390000000001,0.0,8.112390000000001,0.0,2019-10-02 07:33:20,51.0, 6364f2d0-e508-11e9-90c3-45c3f76c0e47, 51/6364f2d0e50811e990c345c3f76c0e47
50,2019-10-02,44555,Chicken Pasta Caesar Salad,Menu Item,46000015079,Breakfast,Served,Start,10.5601,100,1.61,Lbs,SB,,51,Dedham,8.9501,0.0,8.9501,0.0,2019-10-02 07:33:40,,,
51,2019-10-02,44568,Mesclun Goat Cheese Salad,Menu Item,46000064022,Breakfast,Served,Start,7.80436,100,1.61,Lbs,SB,,51,Dedham,6.19436,0.0,6.19436,0.0,2019-10-02 07:39:40,51.0, 3e91f510-e509-11e9-90c3-45c3f76c0e47, 51/3e91f510e50911e990c345c3f76c0e47
52,2019-10-02,44584,New England Clam Chowder,Menu Item,46000016509,Breakfast,Served,Start,17.8574,108,2.35,Lbs,SO,,51,Dedham,15.507399999999999,0.0,15.507399999999999,0.0,2019-10-02 07:43:40,51.0, cf7098c0-e509-11e9-90c3-45c3f76c0e47, 51/cf7098c0e50911e990c345c3f76c0e47
53,2019-10-02,44587,Tomato Parmesean Soup,Menu Item,46000016512,Breakfast,Served,Start,17.6811,108,2.35,Lbs,SO,,51,Dedham,15.331100000000001,0.0,15.331100000000001,0.0,2019-10-02 07:43:59,51.0, db586320-e509-11e9-8246-012e5e367d18, 51/db586320e50911e98246012e5e367d18
54,2019-10-02,44591,Lentil Dal & Spinach Soup,Menu Item,46000018499,Breakfast,Served,Start,17.9897,108,2.35,Lbs,SO,,51,Dedham,15.6397,0.0,15.6397,0.0,2019-10-02 07:44:20,51.0, e8116030-e509-11e9-90c3-45c3f76c0e47, 51/e8116030e50911e990c345c3f76c0e47
55,2019-10-02,44592,Turkey Chili,Menu Item,46000004909,Breakfast,Served,Start,17.3063,108,2.35,Lbs,SO,,51,Dedham,14.9563,0.0,14.9563,0.0,2019-10-02 07:44:40,51.0, f79982d0-e509-11e9-90c3-45c3f76c0e47, 51/f79982d0e50911e990c345c3f76c0e47
56,2019-10-02,44596,Mexican Caesar Salad,Menu Item,46000024081,Breakfast,Served,Start,12.6545,108,2.35,Lbs,SB,,51,Dedham,10.3045,0.0,10.3045,0.0,2019-10-02 07:45:40,51.0, 141ba320-e50a-11e9-90c3-45c3f76c0e47, 51/141ba320e50a11e990c345c3f76c0e47
57,2019-10-02,44636,Caesar Salad,Menu Item,46000064401,Breakfast,Served,Start,14.4403,108,2.35,Lbs,SB,,51,Dedham,12.090300000000001,0.0,12.090300000000001,0.0,2019-10-02 07:53:20,51.0, 28c941f0-e50b-11e9-90c3-45c3f76c0e47, 51/28c941f0e50b11e990c345c3f76c0e47
58,2019-10-02,44653,Mom's Chicken Soup,Menu Item,46000064443,Breakfast,Served,Start,17.7031,108,2.35,Lbs,SO,,51,Dedham,15.3531,0.0,15.3531,0.0,2019-10-02 07:58:40,51.0, ed556b70-e50b-11e9-8246-012e5e367d18, 51/ed556b70e50b11e98246012e5e367d18
59,2019-10-02,44656,Vegan Split Pea Soup,Menu Item,46000013789,Breakfast,Served,Start,17.7472,108,2.35,Lbs,SO,,51,Dedham,15.3972,0.0,15.3972,0.0,2019-10-02 07:58:59,51.0, f53912b0-e50b-11e9-90c3-45c3f76c0e47, 51/f53912b0e50b11e990c345c3f76c0e47
60,2019-10-02,44661,Nana's Chicken Noodle Soup,Menu Item,46000016511,Breakfast,Served,Start,16.3583,108,2.35,Lbs,SO,,51,Dedham,14.0083,0.0,14.0083,0.0,2019-10-02 07:59:40,51.0, 0d1bba40-e50c-11e9-90c3-45c3f76c0e47, 51/0d1bba40e50c11e990c345c3f76c0e47
61,2019-10-02,44683,Greek Salad,Menu Item,46000064399,Breakfast,Served,Start,12.7648,108,2.35,Lbs,SB,,51,Dedham,10.4148,0.0,10.4148,0.0,2019-10-02 08:06:59,,,
62,2019-10-02,44684,Greek Salad,Menu Item,46000064399,Breakfast,Served,Start,12.7648,108,2.35,Lbs,SB,,51,Dedham,10.4148,0.0,10.4148,0.0,2019-10-02 08:06:59,,,
63,2019-10-02,44768,Chicken Tenders,Menu Item,46000007582,Breakfast,Served,Start,17.1079,105,3.46,Lbs,HB,,51,Dedham,13.6479,0.0,13.6479,0.0,2019-10-02 09:46:40,,,
64,2019-10-02,44771,Sauteed Kale w/ Mushrooms ,Menu Item,46000020405,Breakfast,Served,Start,6.81228,107,1.94,Lbs,HB,,51,Dedham,4.87228,0.0,4.87228,0.0,2019-10-02 09:56:59,51.0, 6e62bb40-e51c-11e9-90c3-45c3f76c0e47, 51/6e62bb40e51c11e990c345c3f76c0e47
65,2019-10-02,44772,Steamed Broccoli,Menu Item,46000064891,Breakfast,Served,Start,6.63591,107,1.94,Lbs,HB,,51,Dedham,4.69591,0.0,4.69591,0.0,2019-10-02 09:57:20,51.0, 76c2e580-e51c-11e9-8246-012e5e367d18, 51/76c2e580e51c11e98246012e5e367d18
66,2019-10-02,44773,Mashed Potatoes,Menu Item,46000057474,Breakfast,Served,Start,11.905,107,1.94,Lbs,HB,,51,Dedham,9.965,0.0,9.965,0.0,2019-10-02 09:57:40,51.0, 869cf8b0-e51c-11e9-8246-012e5e367d18, 51/869cf8b0e51c11e98246012e5e367d18
67,2019-10-02,44775,Macaroni & Cheese,Menu Item,46000060414,Breakfast,Served,Start,11.4861,107,1.94,Lbs,HB,,51,Dedham,9.546100000000001,0.0,9.546100000000001,0.0,2019-10-02 09:57:59,51.0, 913ab6e0-e51c-11e9-90c3-45c3f76c0e47, 51/913ab6e0e51c11e990c345c3f76c0e47
68,2019-10-02,44776,Beef Cavatappi Chop Suey,Menu Item,46000025411,Breakfast,Served,Start,14.3521,104,2.11,Lbs,HB,,51,Dedham,12.2421,0.0,12.2421,0.0,2019-10-02 09:58:20,51.0, a27607c0-e51c-11e9-8246-012e5e367d18, 51/a27607c0e51c11e98246012e5e367d18
69,2019-10-02,44784,Teriyaki Wings,Menu Item,46000008373,Breakfast,Served,Start,16.7331,104,2.11,Lbs,HB,,51,Dedham,14.6231,0.0,14.6231,0.0,2019-10-02 10:06:40,51.0, cf285510-e51d-11e9-90c3-45c3f76c0e47, 51/cf285510e51d11e990c345c3f76c0e47
70,2019-10-02,44785,Bangkok Wings,Menu Item,46000063712,Breakfast,Served,Start,16.5347,104,2.11,Lbs,HB,,51,Dedham,14.424700000000001,0.0,14.424700000000001,0.0,2019-10-02 10:06:59,,,
71,2019-10-02,44786,Mediterranean Salmon Salad ,Menu Item,46000024072,Breakfast,Served,Start,17.1299,104,2.11,Lbs,SB,,51,Dedham,15.0199,0.0,15.0199,0.0,2019-10-02 10:10:20,51.0, 4a508000-e51e-11e9-90c3-45c3f76c0e47, 51/4a508000e51e11e990c345c3f76c0e47
72,2019-10-02,44788,Blackened Potatoes,Menu Item,46000018076,Breakfast,Served,Start,10.9129,107,1.94,Lbs,HB,,51,Dedham,8.972900000000001,0.0,8.972900000000001,0.0,2019-10-02 10:19:20,51.0, 903bdd20-e51f-11e9-90c3-45c3f76c0e47, 51/903bdd20e51f11e990c345c3f76c0e47
73,2019-10-02,44789,Chili Garlic Cauliflower,Menu Item,46000020411,Breakfast,Served,Start,7.20912,107,1.94,Lbs,HB,,51,Dedham,5.269120000000001,0.0,5.269120000000001,0.0,2019-10-02 10:19:40,51.0, 988c7700-e51f-11e9-90c3-45c3f76c0e47, 51/988c7700e51f11e990c345c3f76c0e47
74,2019-10-02,44790,"Macaroni & Cheese, Buffalo Bleu",Menu Item,46000003990,Breakfast,Served,Start,11.7286,107,1.94,Lbs,HB,,51,Dedham,9.7886,0.0,9.7886,0.0,2019-10-02 10:19:59,51.0, a20452d0-e51f-11e9-8246-012e5e367d18, 51/a20452d0e51f11e98246012e5e367d18
75,2019-10-02,44790,"Macaroni & Cheese, Buffalo Bleu",Menu Item,46000003990,Breakfast,Served,Start,11.7286,107,1.94,Lbs,HB,,51,Dedham,9.7886,0.0,9.7886,0.0,2019-10-02 10:19:59,51.0, ab141e00-e51f-11e9-90c3-45c3f76c0e47, 51/ab141e00e51f11e990c345c3f76c0e47
76,2019-10-02,44791,Buffalo Wings,Menu Item,46000063709,Breakfast,Served,Start,21.7155,105,3.46,Lbs,HB,,51,Dedham,18.255499999999998,0.0,18.255499999999998,0.0,2019-10-02 10:20:20,,,
77,2019-10-02,44792,Collard Greens w/ Garlic ,Menu Item,46000010510,Breakfast,Served,Start,6.83433,107,1.94,Lbs,HB,,51,Dedham,4.89433,0.0,4.89433,0.0,2019-10-02 10:20:40,51.0, bc302710-e51f-11e9-90c3-45c3f76c0e47, 51/bc302710e51f11e990c345c3f76c0e47
78,2019-10-02,44793,Cajun Wedged Sweet Potatoes ,Menu Item,26747000000,Breakfast,Served,Start,6.56978,107,1.94,Lbs,HB,,51,Dedham,4.62978,0.0,4.62978,0.0,2019-10-02 10:20:59,51.0, c7b38a50-e51f-11e9-8246-012e5e367d18, 51/c7b38a50e51f11e98246012e5e367d18
79,2019-10-02,44795,"Meatloaf, BBQ Beef",Menu Item,46000008060,Breakfast,Served,Start,9.67829,107,1.94,Lbs,HB,,51,Dedham,7.738290000000001,0.0,7.738290000000001,0.0,2019-10-02 10:21:20,51.0, d1cbc4d0-e51f-11e9-90c3-45c3f76c0e47, 51/d1cbc4d0e51f11e990c345c3f76c0e47
80,2019-10-02,44795,"Meatloaf, BBQ Beef",Menu Item,46000008060,Breakfast,Served,Start,9.67829,107,1.94,Lbs,HB,,51,Dedham,7.738290000000001,0.0,7.738290000000001,0.0,2019-10-02 10:21:20,51.0, d9135320-e51f-11e9-8246-012e5e367d18, 51/d9135320e51f11e98246012e5e367d18
81,2019-10-02,44794,Sublime Swine Smoked Pulled Pork ,Menu Item,46000018075,Breakfast,Served,Start,9.32555,107,1.94,Lbs,HB,,51,Dedham,7.38555,0.0,7.38555,0.0,2019-10-02 10:21:20,51.0, d1cbc4d0-e51f-11e9-90c3-45c3f76c0e47, 51/d1cbc4d0e51f11e990c345c3f76c0e47
82,2019-10-02,44794,Sublime Swine Smoked Pulled Pork ,Menu Item,46000018075,Breakfast,Served,Start,9.32555,107,1.94,Lbs,HB,,51,Dedham,7.38555,0.0,7.38555,0.0,2019-10-02 10:21:20,51.0, d9135320-e51f-11e9-8246-012e5e367d18, 51/d9135320e51f11e98246012e5e367d18
83,2019-10-02,44797,Smoked Boneless Chicken Thighs,Menu Item,46000018074,Breakfast,Served,Start,8.11301,106,1.59,Lbs,HB,,51,Dedham,6.523009999999999,0.0,6.523009999999999,0.0,2019-10-02 10:21:40,51.0, e08ec2b0-e51f-11e9-90c3-45c3f76c0e47, 51/e08ec2b0e51f11e990c345c3f76c0e47
84,2019-10-02,44799,Egg White & Spinach Scramble,Menu Item,46000059699,Breakfast,Discarded,Over Produced,3.7699,104,2.11,Lbs,HB,,51,Dedham,0.0,0.0,-1.6599,1.6599,2019-10-02 10:28:59,,,
85,2019-10-02,44817,Tofu Breakfast Scramble,Menu Item,46000008996,Breakfast,Discarded,Over Produced,2.44713,104,2.11,Lbs,HB,,51,Dedham,0.0,0.0,-0.33713000000000015,0.33713000000000015,2019-10-02 10:42:20,51.0, c3738f50-e522-11e9-8246-012e5e367d18, 51/c3738f50e52211e98246012e5e367d18
86,2019-10-02,44818,Roasted Sweet Potatoes,Menu Item,46000064784,Breakfast,Discarded,Over Produced,2.86601,104,2.11,Lbs,HB,,51,Dedham,0.0,0.0,-0.7560100000000003,0.7560100000000003,2019-10-02 10:42:40,51.0, cca2f070-e522-11e9-90c3-45c3f76c0e47, 51/cca2f070e52211e990c345c3f76c0e47
87,2019-10-02,44819,Sausage Patties ,Menu Item,46000065097,Breakfast,Discarded,Over Produced,2.07235,104,2.11,Lbs,HB,,51,Dedham,0.0,0.0,0.03764999999999974,-0.03764999999999974,2019-10-02 10:42:59,51.0, d75d3750-e522-11e9-8246-012e5e367d18, 51/d75d3750e52211e98246012e5e367d18
88,2019-10-02,44855,Chicken Cacciatore ,Menu Item,46000005678,Breakfast,Served,Start,8.97281,104,2.11,Lbs,HB,,51,Dedham,6.862810000000001,0.0,6.862810000000001,0.0,2019-10-02 11:09:20,51.0, 8d513c20-e526-11e9-8246-012e5e367d18, 51/8d513c20e52611e98246012e5e367d18
89,2019-10-02,44856,Maria's Beef Meatballs ,Menu Item,22593200000,Breakfast,Served,Start,11.1333,107,1.94,Lbs,HB,,51,Dedham,9.1933,0.0,9.1933,0.0,2019-10-02 11:09:40,51.0, 958b40c0-e526-11e9-8246-012e5e367d18, 51/958b40c0e52611e98246012e5e367d18
90,2019-10-02,44858,Garlic Parm & Pepper Potatoes,Menu Item,46000018077,Breakfast,Served,Start,8.46575,107,1.94,Lbs,HB,,51,Dedham,6.52575,0.0,6.52575,0.0,2019-10-02 11:09:59,51.0, a037cc00-e526-11e9-8246-012e5e367d18, 51/a037cc00e52611e98246012e5e367d18
91,2019-10-02,44859,Roasted Eggplant,Menu Item,46000059993,Breakfast,Served,Start,5.35723,107,1.94,Lbs,HB,,51,Dedham,3.4172300000000004,0.0,3.4172300000000004,0.0,2019-10-02 11:10:20,51.0, a8b7da50-e526-11e9-8246-012e5e367d18, 51/a8b7da50e52611e98246012e5e367d18
92,2019-10-02,44859,Roasted Eggplant,Menu Item,46000059993,Breakfast,Served,Start,5.35723,107,1.94,Lbs,HB,,51,Dedham,3.4172300000000004,0.0,3.4172300000000004,0.0,2019-10-02 11:10:20,51.0, b3df8900-e526-11e9-90c3-45c3f76c0e47, 51/b3df8900e52611e990c345c3f76c0e47
93,2019-10-02,44861,Lemon Garlic Broccolini,Menu Item,46000019137,Breakfast,Served,Start,5.77611,107,1.94,Lbs,HB,,51,Dedham,3.83611,0.0,3.83611,0.0,2019-10-02 11:10:20,51.0, a8b7da50-e526-11e9-8246-012e5e367d18, 51/a8b7da50e52611e98246012e5e367d18
94,2019-10-02,44861,Lemon Garlic Broccolini,Menu Item,46000019137,Breakfast,Served,Start,5.77611,107,1.94,Lbs,HB,,51,Dedham,3.83611,0.0,3.83611,0.0,2019-10-02 11:10:20,51.0, b3df8900-e526-11e9-90c3-45c3f76c0e47, 51/b3df8900e52611e990c345c3f76c0e47
95,2019-10-02,44886,Olive Tomato Parsley Pollock,Menu Item,46000059701,Breakfast,Served,Start,5.84225,106,1.59,Lbs,HB,,51,Dedham,4.25225,0.0,4.25225,0.0,2019-10-02 11:20:59,51.0, 2b8352b0-e528-11e9-8246-012e5e367d18, 51/2b8352b0e52811e98246012e5e367d18
96,2019-10-02,44909,Ham & Cheese Omelet,Menu Item,46000059700,Breakfast,Discarded,Over Produced,4.23288,106,1.59,Lbs,HB,,51,Dedham,0.0,0.0,-2.64288,2.64288,2019-10-02 11:47:59,51.0, f0bb4530-e52b-11e9-90c3-45c3f76c0e47, 51/f0bb4530e52b11e990c345c3f76c0e47
97,2019-10-02,44910,Plantains,Menu Item,46000001661,Breakfast,Discarded,Over Produced,4.05651,106,1.59,Lbs,HB,,51,Dedham,0.0,0.0,-2.4665100000000004,2.4665100000000004,2019-10-02 11:48:20,51.0, f8578330-e52b-11e9-8246-012e5e367d18, 51/f8578330e52b11e98246012e5e367d18
98,2019-10-02,44910,Plantains,Menu Item,46000001661,Breakfast,Discarded,Over Produced,4.05651,106,1.59,Lbs,HB,,51,Dedham,0.0,0.0,-2.4665100000000004,2.4665100000000004,2019-10-02 11:48:20,51.0, 010901c0-e52c-11e9-90c3-45c3f76c0e47, 51/010901c0e52c11e990c345c3f76c0e47
99,2019-10-02,44911,Blueberry Lemon Pancakes,Menu Item,46000063819,Breakfast,Discarded,Over Produced,4.01241,106,1.59,Lbs,HB,,51,Dedham,0.0,0.0,-2.42241,2.42241,2019-10-02 11:48:40,,,
100,2019-10-02,44917,Turmeric Kale Rice,Menu Item,46000026168,Breakfast,Served,Start,8.73031,107,1.94,Lbs,HB,,51,Dedham,6.79031,0.0,6.79031,0.0,2019-10-02 11:57:20,51.0, 3cbd2ab0-e52d-11e9-8246-012e5e367d18, 51/3cbd2ab0e52d11e98246012e5e367d18
101,2019-10-02,44918,Lemon Rice,Menu Item,46000057444,Breakfast,Served,Start,9.21532,107,1.94,Lbs,HB,,51,Dedham,7.275320000000001,0.0,7.275320000000001,0.0,2019-10-02 11:57:40,51.0, 475ae8e0-e52d-11e9-90c3-45c3f76c0e47, 51/475ae8e0e52d11e990c345c3f76c0e47
102,2019-10-02,44918,Lemon Rice,Menu Item,46000057444,Breakfast,Served,Start,9.21532,107,1.94,Lbs,HB,,51,Dedham,7.275320000000001,0.0,7.275320000000001,0.0,2019-10-02 11:57:40,51.0, 4f4fa720-e52d-11e9-8246-012e5e367d18, 51/4f4fa720e52d11e98246012e5e367d18
103,2019-10-02,44919,"Chicken, Mangalore Ghee ",Menu Item,46000029960,Breakfast,Served,Start,9.98694,107,1.94,Lbs,HB,,51,Dedham,8.046940000000001,0.0,8.046940000000001,0.0,2019-10-02 11:57:40,51.0, 475ae8e0-e52d-11e9-90c3-45c3f76c0e47, 51/475ae8e0e52d11e990c345c3f76c0e47
104,2019-10-02,44919,"Chicken, Mangalore Ghee ",Menu Item,46000029960,Breakfast,Served,Start,9.98694,107,1.94,Lbs,HB,,51,Dedham,8.046940000000001,0.0,8.046940000000001,0.0,2019-10-02 11:57:40,51.0, 4f4fa720-e52d-11e9-8246-012e5e367d18, 51/4f4fa720e52d11e98246012e5e367d18
105,2019-10-02,44920,"Chicken, Spicy Kerala Pepper",Menu Item,46000029962,Breakfast,Served,Start,8.37757,106,1.59,Lbs,HB,,51,Dedham,6.7875700000000005,0.0,6.7875700000000005,0.0,2019-10-02 11:58:20,,,
106,2019-10-02,44922,"Vegetable Korma, Hyderabadi Cashew",Menu Item,46000029957,Breakfast,Served,Start,9.70034,107,1.94,Lbs,HB,,51,Dedham,7.760340000000001,0.0,7.760340000000001,0.0,2019-10-02 11:58:40,51.0, 6f353dc0-e52d-11e9-8246-012e5e367d18, 51/6f353dc0e52d11e98246012e5e367d18
107,2019-10-02,44923,Buttered Cabbage,Menu Item,46000057669,Breakfast,Served,Start,6.63591,107,1.94,Lbs,HB,,51,Dedham,4.69591,0.0,4.69591,0.0,2019-10-02 11:58:59,51.0, 7875b5e0-e52d-11e9-8246-012e5e367d18, 51/7875b5e0e52d11e98246012e5e367d18
108,2019-10-02,44924,Curried Cauliflower,Menu Item,46000007290,Breakfast,Served,Start,8.17915,107,1.94,Lbs,HB,,51,Dedham,6.23915,0.0,6.23915,0.0,2019-10-02 11:59:20,51.0, 83b66ad0-e52d-11e9-90c3-45c3f76c0e47, 51/83b66ad0e52d11e990c345c3f76c0e47
109,2019-10-02,44925,"Sweet Potato, Mangalore Ghee with Spinach ",Menu Item,46000029958,Breakfast,Served,Start,6.68001,106,1.59,Lbs,HB,,51,Dedham,5.09001,0.0,5.09001,0.0,2019-10-02 11:59:40,51.0, 8d328c60-e52d-11e9-8246-012e5e367d18, 51/8d328c60e52d11e98246012e5e367d18
110,2019-10-02,44939,Sublime Swine Smoked Pulled Pork ,Menu Item,46000018075,Breakfast,Served,Start,10.5822,104,2.11,Lbs,HB,,51,Dedham,8.4722,0.0,8.4722,0.0,2019-10-02 12:15:20,51.0, bed7ad20-e52f-11e9-90c3-45c3f76c0e47, 51/bed7ad20e52f11e990c345c3f76c0e47
111,2019-10-02,44965,Mashed Potatoes,Menu Item,46000057474,Breakfast,Served,Start,6.74615,104,2.11,Lbs,HB,,51,Dedham,4.636150000000001,0.0,4.636150000000001,0.0,2019-10-02 12:42:20,,,
112,2019-10-02,44966,Macaroni & Cheese,Menu Item,46000060414,Breakfast,Served,Start,6.87842,104,2.11,Lbs,HB,,51,Dedham,4.768420000000001,0.0,4.768420000000001,0.0,2019-10-02 12:42:59,,,
113,2019-10-02,44967,Steamed Broccoli,Menu Item,46000064891,Breakfast,Served,Start,9.21532,104,2.11,Lbs,HB,,51,Dedham,7.105320000000001,0.0,7.105320000000001,0.0,2019-10-02 12:43:40,,,
114,2019-10-02,44986,Chicken Tenders,Menu Item,46000007582,Breakfast,Served,Start,17.0417,104,2.11,Lbs,HB,,51,Dedham,14.9317,0.0,14.9317,0.0,2019-10-02 12:49:59,51.0, 954fdd10-e534-11e9-90c3-45c3f76c0e47, 51/954fdd10e53411e990c345c3f76c0e47
115,2019-10-02,44998,Beef Cavatappi Chop Suey,Menu Item,46000025411,Breakfast,Served,Start,13.9994,104,2.11,Lbs,HB,,51,Dedham,11.8894,0.0,11.8894,0.0,2019-10-02 12:55:59,51.0, 73323b50-e535-11e9-90c3-45c3f76c0e47, 51/73323b50e53511e990c345c3f76c0e47
116,2019-10-02,44999,Chicken Cacciatore ,Menu Item,46000005678,Breakfast,Served,Start,10.0751,104,2.11,Lbs,HB,,51,Dedham,7.965100000000001,0.0,7.965100000000001,0.0,2019-10-02 12:56:20,51.0, 7d2624f0-e535-11e9-90c3-45c3f76c0e47, 51/7d2624f0e53511e990c345c3f76c0e47
117,2019-10-02,45002,"Meatloaf, BBQ Beef",Menu Item,46000008060,Breakfast,Served,Start,10.4499,104,2.11,Lbs,HB,,51,Dedham,8.3399,0.0,8.3399,0.0,2019-10-02 12:56:59,51.0, 939ae4a0-e535-11e9-8246-012e5e367d18, 51/939ae4a0e53511e98246012e5e367d18
118,2019-10-02,45004,Smoked Boneless Chicken Thighs,Menu Item,46000018074,Breakfast,Served,Start,7.78232,107,1.94,Lbs,HB,,51,Dedham,5.842320000000001,0.0,5.842320000000001,0.0,2019-10-02 12:57:20,51.0, 9e7a8dd0-e535-11e9-8246-012e5e367d18, 51/9e7a8dd0e53511e98246012e5e367d18
119,2019-10-02,45020,Mom's Chicken Soup,Menu Item,46000064443,Breakfast,Served,Start,9.81057,108,2.35,Lbs,SO,,51,Dedham,7.460570000000001,0.0,7.460570000000001,0.0,2019-10-02 13:09:40,,,
120,2019-10-02,45024,Caesar Salad,Menu Item,46000064401,Breakfast,Served,Start,11.6625,108,2.35,Lbs,SB,,51,Dedham,9.3125,0.0,9.3125,0.0,2019-10-02 13:12:59,51.0, cc3750d0-e537-11e9-8246-012e5e367d18, 51/cc3750d0e53711e98246012e5e367d18
121,2019-10-02,45030,Lentil Dal & Spinach Soup,Menu Item,46000018499,Breakfast,Served,Start,9.85466,108,2.35,Lbs,SO,,51,Dedham,7.504660000000001,0.0,7.504660000000001,0.0,2019-10-02 13:14:59,51.0, 198ea9a0-e538-11e9-8246-012e5e367d18, 51/198ea9a0e53811e98246012e5e367d18
122,2019-10-02,45035,Sauteed Kale w/ Mushrooms ,Menu Item,46000020405,Breakfast,Served,Start,6.52568,107,1.94,Lbs,HB,,51,Dedham,4.58568,0.0,4.58568,0.0,2019-10-02 13:21:20,51.0, ff842390-e538-11e9-90c3-45c3f76c0e47, 51/ff842390e53811e990c345c3f76c0e47
123,2019-10-02,45036,Lemon Garlic Broccolini,Menu Item,46000019137,Breakfast,Served,Start,8.17915,107,1.94,Lbs,HB,,51,Dedham,6.23915,0.0,6.23915,0.0,2019-10-02 13:21:40,51.0, 080b5dd0-e539-11e9-8246-012e5e367d18, 51/080b5dd0e53911e98246012e5e367d18
124,2019-10-02,45039,Olive Tomato Parsley Pollock,Menu Item,46000059701,Breakfast,Served,Start,5.44542,107,1.94,Lbs,HB,,51,Dedham,3.5054200000000004,0.0,3.5054200000000004,0.0,2019-10-02 13:28:20,,,
125,2019-10-02,45040,Golden Sesame Tofu ,Menu Item,46000064603,Breakfast,Served,Start,6.56978,107,1.94,Lbs,SB,,51,Dedham,4.62978,0.0,4.62978,0.0,2019-10-02 13:29:20,51.0, 18b46450-e53a-11e9-8246-012e5e367d18, 51/18b46450e53a11e98246012e5e367d18
126,2019-10-02,45041,Maria's Beef Meatballs ,Menu Item,22593200000,Breakfast,Served,Start,11.4199,107,1.94,Lbs,HB,,51,Dedham,9.4799,0.0,9.4799,0.0,2019-10-02 13:32:20,51.0, 889a0590-e53a-11e9-8246-012e5e367d18, 51/889a0590e53a11e98246012e5e367d18
127,2019-10-02,45051,Turmeric Kale Rice,Menu Item,46000026168,Breakfast,Served,Start,6.81228,107,1.94,Lbs,HB,,51,Dedham,4.87228,0.0,4.87228,0.0,2019-10-02 13:41:40,51.0, ceb5c180-e53b-11e9-90c3-45c3f76c0e47, 51/ceb5c180e53b11e990c345c3f76c0e47
128,2019-10-02,45054,"Chicken, Spicy Kerala Pepper",Menu Item,46000029962,Breakfast,Served,Start,7.12093,106,1.59,Lbs,HB,,51,Dedham,5.530930000000001,0.0,5.530930000000001,0.0,2019-10-02 13:45:59,51.0, 69a8a810-e53c-11e9-90c3-45c3f76c0e47, 51/69a8a810e53c11e990c345c3f76c0e47
129,2019-10-02,45081,Cajun Wedged Sweet Potatoes ,Menu Item,26747000000,Breakfast,Served,Start,6.08476,107,1.94,Lbs,HB,,51,Dedham,4.14476,0.0,4.14476,0.0,2019-10-02 14:13:59,51.0, 51687a60-e540-11e9-90c3-45c3f76c0e47, 51/51687a60e54011e990c345c3f76c0e47
130,2019-10-02,45088,Buffalo Wings,Menu Item,46000063709,Breakfast,Served,Start,17.9897,105,3.46,Lbs,HB,,51,Dedham,14.529699999999998,0.0,14.529699999999998,0.0,2019-10-02 14:19:59,,,
131,2019-10-02,45093,New England Clam Chowder,Menu Item,46000016509,Breakfast,Served,Start,9.87671,108,2.35,Lbs,SO,,51,Dedham,7.52671,0.0,7.52671,0.0,2019-10-02 14:24:59,51.0, dcfd3f10-e541-11e9-8246-012e5e367d18, 51/dcfd3f10e54111e98246012e5e367d18
132,2019-10-02,45093,New England Clam Chowder,Menu Item,46000016509,Breakfast,Served,Start,9.87671,108,2.35,Lbs,SO,,51,Dedham,7.52671,0.0,7.52671,0.0,2019-10-02 14:24:59,51.0, e4007160-e541-11e9-8246-012e5e367d18, 51/e4007160e54111e98246012e5e367d18
133,2019-10-02,45094,Nana's Chicken Noodle Soup,Menu Item,46000016511,Breakfast,Served,Start,9.43579,108,2.35,Lbs,SO,,51,Dedham,7.085790000000001,0.0,7.085790000000001,0.0,2019-10-02 14:25:00,,,
134,2019-10-02,45109,Sauteed Kale w/ Mushrooms ,Menu Item,46000020405,Breakfast,Served,Start,5.00449,106,1.59,Lbs,HB,,51,Dedham,3.41449,0.0,3.41449,0.0,2019-10-02 14:34:59,51.0, 4088d6b0-e543-11e9-8246-012e5e367d18, 51/4088d6b0e54311e98246012e5e367d18
135,2019-10-02,45120,Macaroni & Cheese,Menu Item,46000060414,Breakfast,Served,Start,7.03275,107,1.94,Lbs,HB,,51,Dedham,5.0927500000000006,0.0,5.0927500000000006,0.0,2019-10-02 14:49:40,51.0, 51b2fea0-e545-11e9-8246-012e5e367d18, 51/51b2fea0e54511e98246012e5e367d18
136,2019-10-02,45121,Mashed Potatoes,Menu Item,46000057474,Breakfast,Served,Start,6.96661,107,1.94,Lbs,HB,,51,Dedham,5.02661,0.0,5.02661,0.0,2019-10-02 14:49:59,51.0, 5c8a9180-e545-11e9-90c3-45c3f76c0e47, 51/5c8a9180e54511e990c345c3f76c0e47
137,2019-10-02,45122,Smoked Boneless Chicken Thighs,Menu Item,46000018074,Breakfast,Served,Start,7.78232,107,1.94,Lbs,HB,,51,Dedham,5.842320000000001,0.0,5.842320000000001,0.0,2019-10-02 14:50:20,51.0, 65abe8e0-e545-11e9-90c3-45c3f76c0e47, 51/65abe8e0e54511e990c345c3f76c0e47
138,2019-10-02,45123,Chili Garlic Cauliflower,Menu Item,46000020411,Breakfast,Served,Start,5.66588,107,1.94,Lbs,HB,,51,Dedham,3.7258799999999996,0.0,3.7258799999999996,0.0,2019-10-02 14:50:40,51.0, 7097c710-e545-11e9-90c3-45c3f76c0e47, 51/7097c710e54511e990c345c3f76c0e47
139,2019-10-02,45125,Chicken Tenders,Menu Item,46000007582,Breakfast,Served,Start,10.6042,104,2.11,Lbs,HB,,51,Dedham,8.494200000000001,0.0,8.494200000000001,0.0,2019-10-02 14:51:20,,,
140,2019-10-02,45134,Sublime Swine Smoked Pulled Pork ,Menu Item,46000018075,Breakfast,Served,Start,10.1854,104,2.11,Lbs,HB,,51,Dedham,8.0754,0.0,8.0754,0.0,2019-10-02 14:58:40,51.0, 93852a00-e546-11e9-90c3-45c3f76c0e47, 51/93852a00e54611e990c345c3f76c0e47
141,2019-10-02,45159,Garlic Parm & Pepper Potatoes,Menu Item,46000018077,Breakfast,Served,Start,8.84054,104,2.11,Lbs,HB,,51,Dedham,6.730540000000001,0.0,6.730540000000001,0.0,2019-10-02 15:27:20,,,
142,2019-10-02,45161,"Beef, Spicy Black Pepper Curry ",Menu Item,46000029959,Breakfast,Served,Start,6.87842,104,2.11,Lbs,HB,,51,Dedham,4.768420000000001,0.0,4.768420000000001,0.0,2019-10-02 15:27:59,,,
143,2019-10-02,45165,"Sweet Potato, Mangalore Ghee with Spinach ",Menu Item,46000029958,Breakfast,Served,Start,5.26905,104,2.11,Lbs,HB,,51,Dedham,3.15905,0.0,3.15905,0.0,2019-10-02 15:29:40,,,
144,2019-10-02,45168,"Sweet Potato, Mangalore Ghee with Spinach ",Menu Item,46000029958,Breakfast,Discarded,Over Produced,2.86601,104,2.11,Lbs,HB,,51,Dedham,0.0,0.0,-0.7560100000000003,0.7560100000000003,2019-10-02 15:32:59,,,
145,2019-10-02,45203,Mom's Chicken Soup,Menu Item,46000064443,Breakfast,Served,Start,10.0751,108,2.35,Lbs,SO,,51,Dedham,7.725100000000001,0.0,7.725100000000001,0.0,2019-10-02 16:16:20,51.0, 687aa2d0-e551-11e9-90c3-45c3f76c0e47, 51/687aa2d0e55111e990c345c3f76c0e47
146,2019-10-02,45206,Steamed Broccoli,Menu Item,46000064891,Breakfast,Served,Start,7.5839,107,1.94,Lbs,HB,,51,Dedham,5.6439,0.0,5.6439,0.0,2019-10-02 16:20:59,51.0, 13f086c0-e552-11e9-8246-012e5e367d18, 51/13f086c0e55211e98246012e5e367d18
147,2019-10-02,45209,Steamed Broccoli,Menu Item,46000064891,Breakfast,Served,Start,7.05479,107,1.94,Lbs,HB,,51,Dedham,5.114789999999999,0.0,5.114789999999999,0.0,2019-10-02 16:23:59,51.0, 7b81e4a0-e552-11e9-8246-012e5e367d18, 51/7b81e4a0e55211e98246012e5e367d18
148,2019-10-02,45209,Steamed Broccoli,Menu Item,46000064891,Breakfast,Served,Start,7.05479,107,1.94,Lbs,HB,,51,Dedham,5.114789999999999,0.0,5.114789999999999,0.0,2019-10-02 16:23:59,51.0, 83f289a0-e552-11e9-8246-012e5e367d18, 51/83f289a0e55211e98246012e5e367d18
149,2019-10-02,45208,Mashed Potatoes,Menu Item,46000057474,Breakfast,Served,Start,7.03275,107,1.94,Lbs,HB,,51,Dedham,5.0927500000000006,0.0,5.0927500000000006,0.0,2019-10-02 16:23:59,51.0, 7b81e4a0-e552-11e9-8246-012e5e367d18, 51/7b81e4a0e55211e98246012e5e367d18
150,2019-10-02,45208,Mashed Potatoes,Menu Item,46000057474,Breakfast,Served,Start,7.03275,107,1.94,Lbs,HB,,51,Dedham,5.0927500000000006,0.0,5.0927500000000006,0.0,2019-10-02 16:23:59,51.0, 83f289a0-e552-11e9-8246-012e5e367d18, 51/83f289a0e55211e98246012e5e367d18
151,2019-10-02,45214,Buttered Cabbage,Menu Item,46000057669,Breakfast,Served,Start,5.09268,106,1.59,Lbs,HB,,51,Dedham,3.50268,0.0,3.50268,0.0,2019-10-02 16:31:20,51.0, 84a82890-e553-11e9-90c3-45c3f76c0e47, 51/84a82890e55311e990c345c3f76c0e47
152,2019-10-02,45219,Buttered Cabbage,Menu Item,46000057669,Breakfast,Discarded,Over Produced,2.73373,107,1.94,Lbs,HB,,51,Dedham,0.0,0.0,-0.79373,0.79373,2019-10-02 16:37:20,51.0, 5b46a200-e554-11e9-8246-012e5e367d18, 51/5b46a200e55411e98246012e5e367d18
153,2019-10-02,45238,Olive Tomato Parsley Pollock,Menu Item,46000059701,Breakfast,Served,Start,6.1068,106,1.59,Lbs,HB,,51,Dedham,4.5168,0.0,4.5168,0.0,2019-10-02 17:12:20,51.0, 3f18c9f0-e559-11e9-8246-012e5e367d18, 51/3f18c9f0e55911e98246012e5e367d18
154,2019-10-02,45241,"Chicken, Mangalore Ghee ",Menu Item,46000029960,Breakfast,Served,Start,7.34139,106,1.59,Lbs,HB,,51,Dedham,5.75139,0.0,5.75139,0.0,2019-10-02 17:12:59,51.0, 5c880960-e559-11e9-90c3-45c3f76c0e47, 51/5c880960e55911e990c345c3f76c0e47
155,2019-10-02,45242,"Chicken, Spicy Kerala Pepper",Menu Item,46000029962,Breakfast,Served,Start,6.4375,106,1.59,Lbs,HB,,51,Dedham,4.8475,0.0,4.8475,0.0,2019-10-02 17:13:00,,,
156,2019-10-02,45243,Chicken Cacciatore ,Menu Item,46000005678,Breakfast,Served,Start,10.2735,104,2.11,Lbs,HB,,51,Dedham,8.1635,0.0,8.1635,0.0,2019-10-02 17:13:40,,,
157,2019-10-02,45247,"Chicken, Mangalore Ghee ",Menu Item,46000029960,Breakfast,Discarded,Over Produced,1.98416,106,1.59,Lbs,HB,,51,Dedham,0.0,0.0,-0.39415999999999984,0.39415999999999984,2019-10-02 17:23:59,51.0, e3840c10-e55a-11e9-90c3-45c3f76c0e47, 51/e3840c10e55a11e990c345c3f76c0e47
158,2019-10-02,45248,"Chicken, Mangalore Ghee ",Menu Item,46000029960,Breakfast,Discarded,Over Produced,3.30693,106,1.59,Lbs,HB,,51,Dedham,0.0,0.0,-1.7169299999999998,1.7169299999999998,2019-10-02 17:24:20,51.0, ee7c9470-e55a-11e9-90c3-45c3f76c0e47, 51/ee7c9470e55a11e990c345c3f76c0e47
159,2019-10-02,45249,Olive Tomato Parsley Pollock,Menu Item,46000059701,Breakfast,Discarded,Over Produced,2.00621,106,1.59,Lbs,HB,,51,Dedham,0.0,0.0,-0.41620999999999975,0.41620999999999975,2019-10-02 17:24:40,51.0, fab1bb80-e55a-11e9-90c3-45c3f76c0e47, 51/fab1bb80e55a11e990c345c3f76c0e47
160,2019-10-02,45250,Chicken Cacciatore ,Menu Item,46000005678,Breakfast,Discarded,Over Produced,4.40925,104,2.11,Lbs,HB,,51,Dedham,0.0,0.0,-2.2992500000000002,2.2992500000000002,2019-10-02 17:25:20,51.0, 0df42700-e55b-11e9-90c3-45c3f76c0e47, 51/0df42700e55b11e990c345c3f76c0e47
161,2019-10-02,45257,Beef Cavatappi Chop Suey,Menu Item,46000025411,Breakfast,Served,Start,14.308,104,2.11,Lbs,HB,,51,Dedham,12.198,0.0,12.198,0.0,2019-10-02 17:30:59,,,
162,2019-10-02,45258,Vegan Split Pea Soup,Menu Item,46000013789,Breakfast,Served,Start,10.1413,108,2.35,Lbs,SO,,51,Dedham,7.7913,0.0,7.7913,0.0,2019-10-02 17:31:20,51.0, eaf944a0-e55b-11e9-8246-012e5e367d18, 51/eaf944a0e55b11e98246012e5e367d18
163,2019-10-02,45259,Cajun Wedged Sweet Potatoes ,Menu Item,26747000000,Breakfast,Served,Start,4.85017,106,1.59,Lbs,HB,,51,Dedham,3.2601700000000005,0.0,3.2601700000000005,0.0,2019-10-02 17:32:59,51.0, 231f8150-e55c-11e9-90c3-45c3f76c0e47, 51/231f8150e55c11e990c345c3f76c0e47
164,2019-10-02,45266,Smoked Boneless Chicken Thighs,Menu Item,46000018074,Breakfast,Served,Start,8.33347,107,1.94,Lbs,HB,,51,Dedham,6.393470000000001,0.0,6.393470000000001,0.0,2019-10-02 17:39:40,51.0, 0cdfbee0-e55d-11e9-8246-012e5e367d18, 51/0cdfbee0e55d11e98246012e5e367d18
165,2019-10-02,45267,Turkey Chili,Menu Item,46000004909,Breakfast,Served,Start,9.81057,108,2.35,Lbs,SO,,51,Dedham,7.460570000000001,0.0,7.460570000000001,0.0,2019-10-02 17:39:59,51.0, 1896dc50-e55d-11e9-8246-012e5e367d18, 51/1896dc50e55d11e98246012e5e367d18
166,2019-10-02,45267,Turkey Chili,Menu Item,46000004909,Breakfast,Served,Start,9.81057,108,2.35,Lbs,SO,,51,Dedham,7.460570000000001,0.0,7.460570000000001,0.0,2019-10-02 17:39:59,51.0, 22570bc0-e55d-11e9-90c3-45c3f76c0e47, 51/22570bc0e55d11e990c345c3f76c0e47
167,2019-10-02,45268,Nana's Chicken Noodle Soup,Menu Item,46000016511,Breakfast,Served,Start,9.56806,108,2.35,Lbs,SO,,51,Dedham,7.2180599999999995,0.0,7.2180599999999995,0.0,2019-10-02 17:40:20,,,
168,2019-10-02,45282,Chicken Tenders,Menu Item,46000007582,Breakfast,Served,Start,10.8908,105,3.46,Lbs,HB,,51,Dedham,7.4308000000000005,0.0,7.4308000000000005,0.0,2019-10-02 17:56:20,,,
169,2019-10-02,45291,Sauteed Kale w/ Mushrooms ,Menu Item,46000020405,Breakfast,Discarded,Over Produced,1.65347,106,1.59,Lbs,HB,,51,Dedham,0.0,0.0,-0.06346999999999992,0.06346999999999992,2019-10-02 18:02:20,51.0, 3b9f0850-e560-11e9-90c3-45c3f76c0e47, 51/3b9f0850e56011e990c345c3f76c0e47
170,2019-10-02,45326,Macaroni & Cheese,Menu Item,46000060414,Breakfast,Served,Start,6.65796,106,1.59,Lbs,HB,,51,Dedham,5.06796,0.0,5.06796,0.0,2019-10-02 19:07:59,51.0, 69031fd0-e569-11e9-8246-012e5e367d18, 51/69031fd0e56911e98246012e5e367d18
171,2019-10-02,45327,Mashed Potatoes,Menu Item,46000057474,Breakfast,Served,Start,6.59182,106,1.59,Lbs,HB,,51,Dedham,5.00182,0.0,5.00182,0.0,2019-10-02 19:08:20,51.0, 71411c10-e569-11e9-8246-012e5e367d18, 51/71411c10e56911e98246012e5e367d18
172,2019-10-02,45330,Sublime Swine Smoked Pulled Pork ,Menu Item,46000018075,Breakfast,Discarded,Over Produced,2.99829,107,1.94,Lbs,HB,,51,Dedham,0.0,0.0,-1.05829,1.05829,2019-10-02 19:11:59,,,
173,2019-10-02,45331,Mashed Potatoes,Menu Item,46000057474,Breakfast,Discarded,Over Produced,2.68964,106,1.59,Lbs,HB,,51,Dedham,0.0,0.0,-1.0996399999999997,1.0996399999999997,2019-10-02 19:12:20,51.0, 058d6f40-e56a-11e9-8246-012e5e367d18, 51/058d6f40e56a11e98246012e5e367d18
174,2019-10-02,45367,Turmeric Kale Rice,Menu Item,46000026168,Breakfast,Discarded,Over Produced,1.91802,106,1.59,Lbs,HB,,51,Dedham,0.0,0.0,-0.32802,0.32802,2019-10-02 20:01:20,51.0, df7f23a0-e570-11e9-8246-012e5e367d18, 51/df7f23a0e57011e98246012e5e367d18
175,2019-10-02,45368,"Sweet Potato, Mangalore Ghee with Spinach ",Menu Item,46000029958,Breakfast,Discarded,Over Produced,2.09439,106,1.59,Lbs,HB,,51,Dedham,0.0,0.0,-0.5043900000000001,0.5043900000000001,2019-10-02 20:01:20,51.0, df7f23a0-e570-11e9-8246-012e5e367d18, 51/df7f23a0e57011e98246012e5e367d18
176,2019-10-02,45370,Buttered Cabbage,Menu Item,46000057669,Breakfast,Discarded,Over Produced,1.85188,106,1.59,Lbs,HB,,51,Dedham,0.0,0.0,-0.2618799999999999,0.2618799999999999,2019-10-02 20:01:40,51.0, ea858eb0-e570-11e9-8246-012e5e367d18, 51/ea858eb0e57011e98246012e5e367d18
177,2019-10-02,45371,Mom's Chicken Soup,Menu Item,46000064443,Breakfast,Discarded,Over Produced,1.98416,108,2.35,Lbs,SO,,51,Dedham,0.0,0.0,0.36584000000000017,-0.36584000000000017,2019-10-02 20:02:20,,,
178,2019-10-02,45372,Steamed Broccoli,Menu Item,46000064891,Breakfast,Discarded,Over Produced,2.66759,107,1.94,Lbs,HB,,51,Dedham,0.0,0.0,-0.7275900000000002,0.7275900000000002,2019-10-02 20:02:40,51.0, 0e008110-e571-11e9-90c3-45c3f76c0e47, 51/0e008110e57111e990c345c3f76c0e47
179,2019-10-02,45373,Teriyaki Wings,Menu Item,46000008373,Breakfast,Discarded,Over Produced,4.12264,104,2.11,Lbs,HB,,51,Dedham,0.0,0.0,-2.0126399999999998,2.0126399999999998,2019-10-02 20:03:20,,,
180,2019-10-02,45374,Bangkok Wings,Menu Item,46000063712,Breakfast,Discarded,Over Produced,4.60766,104,2.11,Lbs,HB,,51,Dedham,0.0,0.0,-2.49766,2.49766,2019-10-02 20:03:40,51.0, 3190a920-e571-11e9-90c3-45c3f76c0e47, 51/3190a920e57111e990c345c3f76c0e47
181,2019-10-02,45427,Spring Mix,Menu Item,46000063050,Breakfast,Saved,End,2.38099,110,0.59,Lbs,SB,,51,Dedham,0.0,1.7909900000000003,-1.7909900000000003,0.0,2019-10-02 20:51:59,,,
182,2019-10-02,45428,Baby Spinach,Menu Item,46000055923,Breakfast,Saved,End,2.22667,110,0.59,Lbs,SB,,51,Dedham,0.0,1.63667,-1.63667,0.0,2019-10-02 20:52:20,51.0, f6d53e70-e577-11e9-8246-012e5e367d18, 51/f6d53e70e57711e98246012e5e367d18
183,2019-10-02,45429,Romaine Lettuce,Menu Item,46000055863,Breakfast,Saved,End,9.65625,110,0.59,Lbs,SB,,51,Dedham,0.0,9.06625,-9.06625,0.0,2019-10-02 20:52:40,51.0, 048bd560-e578-11e9-90c3-45c3f76c0e47, 51/048bd560e57811e990c345c3f76c0e47
184,2019-10-02,45430,Kale,Menu Item,46000055842,Breakfast,Saved,End,1.7637,111,0.35,Lbs,SB,,51,Dedham,0.0,1.4137,-1.4137,0.0,2019-10-02 20:53:59,51.0, 349be920-e578-11e9-90c3-45c3f76c0e47, 51/349be920e57811e990c345c3f76c0e47
185,2019-10-02,45431,Arugula,Menu Item,46000055714,Breakfast,Saved,End,1.56528,111,0.35,Lbs,SB,,51,Dedham,0.0,1.21528,-1.21528,0.0,2019-10-02 20:54:20,51.0, 46fe7bf0-e578-11e9-8246-012e5e367d18, 51/46fe7bf0e57811e98246012e5e367d18
186,2019-10-02,45433,Greek Salad,Menu Item,46000064399,Breakfast,Discarded,Over Produced,5.00449,110,0.59,Lbs,SB,,51,Dedham,0.0,0.0,-4.41449,4.41449,2019-10-02 20:57:00,,,
187,2019-10-02,45434,Mexican Caesar Salad,Menu Item,46000024081,Breakfast,Discarded,Over Produced,6.23908,110,0.59,Lbs,SB,,51,Dedham,0.0,0.0,-5.6490800000000005,5.6490800000000005,2019-10-02 20:57:40,51.0, baaa4cf0-e578-11e9-8246-012e5e367d18, 51/baaa4cf0e57811e98246012e5e367d18
188,2019-10-02,45435,Mesclun Goat Cheese Salad,Menu Item,46000064022,Breakfast,Discarded,Over Produced,2.75578,110,0.59,Lbs,SB,,51,Dedham,0.0,0.0,-2.1657800000000003,2.1657800000000003,2019-10-02 20:57:59,51.0, cac97f70-e578-11e9-8246-012e5e367d18, 51/cac97f70e57811e98246012e5e367d18
189,2019-10-02,45436,Caesar Salad,Menu Item,46000064401,Breakfast,Discarded,Over Produced,4.62971,110,0.59,Lbs,SB,,51,Dedham,0.0,0.0,-4.03971,4.03971,2019-10-02 20:58:40,,,
190,2019-10-02,45437,Seasonal Citrus ,Menu Item,46000013170,Breakfast,Saved,End,5.64383,111,0.35,Lbs,SB,,51,Dedham,0.0,5.293830000000001,-5.293830000000001,0.0,2019-10-02 21:01:20,,,
191,2019-10-02,45439,Blackberries,Menu Item,46000055744,Breakfast,Saved,End,2.84396,111,0.35,Lbs,SB,,51,Dedham,0.0,2.49396,-2.49396,0.0,2019-10-02 21:02:20,51.0, 6660bc50-e579-11e9-90c3-45c3f76c0e47, 51/6660bc50e57911e990c345c3f76c0e47
192,2019-10-02,45440,Strawberries,Menu Item,46000055938,Breakfast,Saved,End,5.29109,111,0.35,Lbs,SB,,51,Dedham,0.0,4.94109,-4.94109,0.0,2019-10-02 21:02:40,51.0, 707462f0-e579-11e9-8246-012e5e367d18, 51/707462f0e57911e98246012e5e367d18
193,2019-10-02,45442,Cantalope,Menu Item,46000055768,Breakfast,Saved,End,4.05651,111,0.35,Lbs,SB,,51,Dedham,0.0,3.70651,-3.70651,0.0,2019-10-02 21:02:59,51.0, 7cd5f130-e579-11e9-8246-012e5e367d18, 51/7cd5f130e57911e98246012e5e367d18
194,2019-10-02,45443,Honeydew Melon,Menu Item,46000055836,Breakfast,Saved,End,3.59353,111,0.35,Lbs,SB,,51,Dedham,0.0,3.24353,-3.24353,0.0,2019-10-02 21:03:20,51.0, 86e07010-e579-11e9-8246-012e5e367d18, 51/86e07010e57911e98246012e5e367d18
195,2019-10-02,45445,Blueberries,Menu Item,46000055747,Breakfast,Saved,End,4.43129,111,0.35,Lbs,SB,,51,Dedham,0.0,4.08129,-4.08129,0.0,2019-10-02 21:03:40,51.0, 923919d0-e579-11e9-8246-012e5e367d18, 51/923919d0e57911e98246012e5e367d18
196,2019-10-02,45456,Vegan Split Pea Soup,Menu Item,46000013789,Breakfast,Discarded,Over Produced,2.27076,108,2.35,Lbs,SO,,51,Dedham,0.0,0.0,0.07923999999999998,-0.07923999999999998,2019-10-02 21:06:20,51.0, ecac9e50-e579-11e9-8246-012e5e367d18, 51/ecac9e50e57911e98246012e5e367d18
197,2019-10-02,45460,New England Clam Chowder,Menu Item,46000016509,Breakfast,Discarded,Over Produced,2.31485,108,2.35,Lbs,SO,,51,Dedham,0.0,0.0,0.03515000000000024,-0.03515000000000024,2019-10-02 21:06:40,51.0, fdd2b980-e579-11e9-90c3-45c3f76c0e47, 51/fdd2b980e57911e990c345c3f76c0e47
198,2019-10-02,45461,Lentil Dal & Spinach Soup,Menu Item,46000018499,Breakfast,Discarded,Over Produced,3.02033,108,2.35,Lbs,SO,,51,Dedham,0.0,0.0,-0.6703299999999999,0.6703299999999999,2019-10-02 21:06:59,51.0, 06213080-e57a-11e9-90c3-45c3f76c0e47, 51/06213080e57a11e990c345c3f76c0e47
199,2019-10-02,45466,Turkey Chili,Menu Item,46000004909,Breakfast,Discarded,Over Produced,7.16502,108,2.35,Lbs,SO,,51,Dedham,0.0,0.0,-4.8150200000000005,4.8150200000000005,2019-10-02 21:07:20,51.0, 196c75a0-e57a-11e9-8246-012e5e367d18, 51/196c75a0e57a11e98246012e5e367d18
200,2019-10-02,45467,Turkey Chili,Menu Item,46000004909,Breakfast,Discarded,Over Produced,7.16502,108,2.35,Lbs,SO,,51,Dedham,0.0,0.0,-4.8150200000000005,4.8150200000000005,2019-10-02 21:07:40,,,
201,2019-10-02,45469,Nana's Chicken Noodle Soup,Menu Item,46000016511,Breakfast,Discarded,Over Produced,4.91631,108,2.35,Lbs,SO,,51,Dedham,0.0,0.0,-2.56631,2.56631,2019-10-02 21:07:59,51.0, 2dd75b90-e57a-11e9-90c3-45c3f76c0e47, 51/2dd75b90e57a11e990c345c3f76c0e47
202,2019-10-02,45470,Tomato Parmesean Soup,Menu Item,46000016512,Breakfast,Discarded,Over Produced,10.1633,108,2.35,Lbs,SO,,51,Dedham,0.0,0.0,-7.8133,7.8133,2019-10-02 21:08:20,51.0, 37fe1500-e57a-11e9-90c3-45c3f76c0e47, 51/37fe1500e57a11e990c345c3f76c0e47
203,2019-10-02,45472,Smoked Boneless Chicken Thighs,Menu Item,46000018074,Breakfast,Discarded,Over Produced,2.20462,106,1.59,Lbs,HB,,51,Dedham,0.0,0.0,-0.6146199999999997,0.6146199999999997,2019-10-02 21:09:20,51.0, 5f06e910-e57a-11e9-8246-012e5e367d18, 51/5f06e910e57a11e98246012e5e367d18
204,2019-10-02,45473,Chili Garlic Cauliflower,Menu Item,46000020411,Breakfast,Discarded,Over Produced,1.78574,106,1.59,Lbs,HB,,51,Dedham,0.0,0.0,-0.19574000000000003,0.19574000000000003,2019-10-02 21:09:59,51.0, 797b10f0-e57a-11e9-90c3-45c3f76c0e47, 51/797b10f0e57a11e990c345c3f76c0e47
205,2019-10-02,45475,Macaroni & Cheese,Menu Item,46000060414,Breakfast,Discarded,Over Produced,1.98416,107,1.94,Lbs,HB,,51,Dedham,0.0,0.0,-0.04415999999999998,0.04415999999999998,2019-10-02 21:10:20,,,
206,2019-10-02,45476,Chicken Pasta Caesar Salad,Menu Item,46000015079,Breakfast,Discarded,Over Produced,3.17466,111,0.35,Lbs,SB,,51,Dedham,0.0,0.0,-2.8246599999999997,2.8246599999999997,2019-10-02 21:12:59,51.0, de68c610-e57a-11e9-90c3-45c3f76c0e47, 51/de68c610e57a11e990c345c3f76c0e47
207,2019-10-02,45477,Spinach Feta Orzo Salad,Menu Item,27848700000,Breakfast,Discarded,Over Produced,2.13848,111,0.35,Lbs,SB,,51,Dedham,0.0,0.0,-1.7884799999999998,1.7884799999999998,2019-10-02 21:13:20,51.0, e8e0acc0-e57a-11e9-8246-012e5e367d18, 51/e8e0acc0e57a11e98246012e5e367d18
208,2019-10-02,45481,Tortellini & Sopressata ,Menu Item,46000018400,Breakfast,Saved,End,8.11301,111,0.35,Lbs,SB,,51,Dedham,0.0,7.7630099999999995,-7.7630099999999995,0.0,2019-10-02 21:16:20,51.0, 538e8ce0-e57b-11e9-8246-012e5e367d18, 51/538e8ce0e57b11e98246012e5e367d18
209,2019-10-02,45483,Bistro Pasta Salad ,Menu Item,27661300000,Breakfast,Saved,End,6.90047,111,0.35,Lbs,SB,,51,Dedham,0.0,6.550470000000001,-6.550470000000001,0.0,2019-10-02 21:16:59,51.0, 693f6050-e57b-11e9-90c3-45c3f76c0e47, 51/693f6050e57b11e990c345c3f76c0e47
210,2019-10-02,45485,Garlic Parmesan Pasta,Menu Item,26120900000,Breakfast,Saved,End,8.39961,111,0.35,Lbs,SB,,51,Dedham,0.0,8.04961,-8.04961,0.0,2019-10-02 21:17:20,51.0, 786da320-e57b-11e9-8246-012e5e367d18, 51/786da320e57b11e98246012e5e367d18
211,2019-10-02,45486,Roman Cappellini Pasta Salad ,Menu Item,27661900000,Breakfast,Saved,End,6.30522,111,0.35,Lbs,SB,,51,Dedham,0.0,5.955220000000001,-5.955220000000001,0.0,2019-10-02 21:17:40,51.0, 855bb9f0-e57b-11e9-8246-012e5e367d18, 51/855bb9f0e57b11e98246012e5e367d18
212,2019-10-02,45488,Berry Power Salad,Menu Item,46000018433,Breakfast,Saved,End,2.60145,111,0.35,Lbs,SB,,51,Dedham,0.0,2.2514499999999997,-2.2514499999999997,0.0,2019-10-02 21:18:00,,,
213,2019-10-02,45489,Kale & Brussel Sprout Salad,Menu Item,46000007609,Breakfast,Saved,End,3.46126,111,0.35,Lbs,SB,,51,Dedham,0.0,3.1112599999999997,-3.1112599999999997,0.0,2019-10-02 21:18:20,51.0, a17d91d0-e57b-11e9-8246-012e5e367d18, 51/a17d91d0e57b11e98246012e5e367d18
214,2019-10-02,45491,Fennel Pistachio Lemon Vin Salad,Menu Item,46000024075,Breakfast,Saved,End,5.66588,110,0.59,Lbs,SB,,51,Dedham,0.0,5.07588,-5.07588,0.0,2019-10-02 21:18:59,,,
215,2019-10-02,45493,Sweet & Spicy Kale Pad Thai,Menu Item,46000003438,Breakfast,Saved,End,8.70826,110,0.59,Lbs,SB,,51,Dedham,0.0,8.11826,-8.11826,0.0,2019-10-02 21:19:20,51.0, c22dcb70-e57b-11e9-90c3-45c3f76c0e47, 51/c22dcb70e57b11e990c345c3f76c0e47
216,2019-10-02,45494,Chinese Black Pepper Green Beans ,Menu Item,46000024077,Breakfast,Saved,End,8.1571,110,0.59,Lbs,SB,,51,Dedham,0.0,7.5671,-7.5671,0.0,2019-10-02 21:19:40,51.0, cd138f20-e57b-11e9-8246-012e5e367d18, 51/cd138f20e57b11e98246012e5e367d18
217,2019-10-02,45496,Golden Sesame Tofu ,Menu Item,46000064603,Breakfast,Saved,End,7.36344,110,0.59,Lbs,SB,,51,Dedham,0.0,6.77344,-6.77344,0.0,2019-10-02 21:20:20,51.0, e2406580-e57b-11e9-8246-012e5e367d18, 51/e2406580e57b11e98246012e5e367d18
218,2019-10-02,45509,"Macaroni & Cheese, Buffalo Bleu",Menu Item,46000003990,Breakfast,Discarded,Over Produced,3.39512,106,1.59,Lbs,HB,,51,Dedham,0.0,0.0,-1.8051199999999998,1.8051199999999998,2019-10-02 21:23:40,51.0, 592c1f40-e57c-11e9-90c3-45c3f76c0e47, 51/592c1f40e57c11e990c345c3f76c0e47
219,2019-10-02,45509,"Macaroni & Cheese, Buffalo Bleu",Menu Item,46000003990,Breakfast,Discarded,Over Produced,3.39512,106,1.59,Lbs,HB,,51,Dedham,0.0,0.0,-1.8051199999999998,1.8051199999999998,2019-10-02 21:23:40,51.0, 611767a0-e57c-11e9-90c3-45c3f76c0e47, 51/611767a0e57c11e990c345c3f76c0e47
220,2019-10-02,45510,Mashed Potatoes,Menu Item,46000057474,Breakfast,Discarded,Over Produced,3.85809,106,1.59,Lbs,HB,,51,Dedham,0.0,0.0,-2.26809,2.26809,2019-10-02 21:23:59,51.0, 6c145cd0-e57c-11e9-8246-012e5e367d18, 51/6c145cd0e57c11e98246012e5e367d18
221,2019-10-02,45515,"Meatloaf, BBQ Beef",Menu Item,46000008060,Breakfast,Discarded,Over Produced,2.24872,106,1.59,Lbs,HB,,51,Dedham,0.0,0.0,-0.65872,0.65872,2019-10-02 21:24:40,51.0, 84050e20-e57c-11e9-8246-012e5e367d18, 51/84050e20e57c11e98246012e5e367d18
222,2019-10-02,45520,Chicken Tenders,Menu Item,46000007582,Breakfast,Discarded,Over Produced,3.21875,107,1.94,Lbs,HB,,51,Dedham,0.0,0.0,-1.27875,1.27875,2019-10-02 21:27:20,51.0, e2087020-e57c-11e9-8246-012e5e367d18, 51/e2087020e57c11e98246012e5e367d18
223,2019-10-02,45518,Beef Cavatappi Chop Suey,Menu Item,46000025411,Breakfast,Discarded,Over Produced,2.73373,107,1.94,Lbs,HB,,51,Dedham,0.0,0.0,-0.79373,0.79373,2019-10-02 21:27:20,51.0, e2087020-e57c-11e9-8246-012e5e367d18, 51/e2087020e57c11e98246012e5e367d18
224,2019-10-02,45522,Potato & Scallion Salad ,Menu Item,46000027163,Breakfast,Saved,End,12.3459,110,0.59,Lbs,SB,,51,Dedham,0.0,11.7559,-11.7559,0.0,2019-10-02 21:28:40,,,
225,2019-10-02,45524,Beets w/ Sherry Vinaigrette,Menu Item,27994400000,Breakfast,Saved,End,8.39961,110,0.59,Lbs,SB,,51,Dedham,0.0,7.809609999999999,-7.809609999999999,0.0,2019-10-02 21:28:59,51.0, 1ab80110-e57d-11e9-8246-012e5e367d18, 51/1ab80110e57d11e98246012e5e367d18
226,2019-10-02,45528,Kale White Bean Salad ,Menu Item,46000022419,Breakfast,Saved,End,5.8202,110,0.59,Lbs,SB,,51,Dedham,0.0,5.2302,-5.2302,0.0,2019-10-02 21:29:20,51.0, 260ed610-e57d-11e9-8246-012e5e367d18, 51/260ed610e57d11e98246012e5e367d18
227,2019-10-02,45531,Sweet Potato & Vidalia Onion,Menu Item,46000060285,Breakfast,Saved,End,13.0955,110,0.59,Lbs,SB,,51,Dedham,0.0,12.5055,-12.5055,0.0,2019-10-02 21:29:40,51.0, 32997020-e57d-11e9-8246-012e5e367d18, 51/32997020e57d11e98246012e5e367d18
228,2019-10-02,45533,Lemon Artichoke Slaw,Menu Item,46000024076,Breakfast,Discarded,Over Produced,3.90218,111,0.35,Lbs,SB,,51,Dedham,0.0,0.0,-3.55218,3.55218,2019-10-02 21:30:20,,,
229,2019-10-02,45535,Chickpea Asparagus Radicchio ,Menu Item,46000024079,Breakfast,Saved,End,5.8202,111,0.35,Lbs,SB,,51,Dedham,0.0,5.4702,-5.4702,0.0,2019-10-02 21:30:40,51.0, 519c47e0-e57d-11e9-90c3-45c3f76c0e47, 51/519c47e0e57d11e990c345c3f76c0e47
230,2019-10-02,45540,Mediterranean Salmon Salad ,Menu Item,46000024072,Breakfast,Saved,End,7.09889,111,0.35,Lbs,SB,,51,Dedham,0.0,6.74889,-6.74889,0.0,2019-10-02 21:31:40,51.0, 770108e0-e57d-11e9-90c3-45c3f76c0e47, 51/770108e0e57d11e990c345c3f76c0e47
231,2019-10-02,45541,Chophouse Steak Salad ,Menu Item,46000025181,Breakfast,Saved,End,5.18086,111,0.35,Lbs,SB,,51,Dedham,0.0,4.83086,-4.83086,0.0,2019-10-02 21:31:59,51.0, 8918b000-e57d-11e9-90c3-45c3f76c0e47, 51/8918b000e57d11e990c345c3f76c0e47
232,2019-10-02,45557,Buffalo Wings,Menu Item,46000063709,Breakfast,Discarded,Over Produced,2.22667,106,1.59,Lbs,HB,,51,Dedham,0.0,0.0,-0.6366699999999998,0.6366699999999998,2019-10-02 21:36:00,,,
233,2019-10-02,45560,"Chicken, Mangalore Ghee ",Menu Item,46000029960,Breakfast,Discarded,Over Produced,1.71961,106,1.59,Lbs,HB,,51,Dedham,0.0,0.0,-0.12961,0.12961,2019-10-02 21:36:20,51.0, 22803ba0-e57e-11e9-8246-012e5e367d18, 51/22803ba0e57e11e98246012e5e367d18
234,2019-10-02,45561,"Chicken, Spicy Kerala Pepper",Menu Item,46000029962,Breakfast,Discarded,Over Produced,2.38099,106,1.59,Lbs,HB,,51,Dedham,0.0,0.0,-0.7909900000000001,0.7909900000000001,2019-10-02 21:36:40,51.0, 2cdfdf60-e57e-11e9-8246-012e5e367d18, 51/2cdfdf60e57e11e98246012e5e367d18
235,2019-10-02,45564,Lemon Rice,Menu Item,46000057444,Breakfast,Discarded,Over Produced,2.55736,106,1.59,Lbs,HB,,51,Dedham,0.0,0.0,-0.96736,0.96736,2019-10-02 21:36:59,51.0, 35551840-e57e-11e9-90c3-45c3f76c0e47, 51/35551840e57e11e990c345c3f76c0e47
236,2019-10-02,45564,Lemon Rice,Menu Item,46000057444,Breakfast,Discarded,Over Produced,2.55736,106,1.59,Lbs,HB,,51,Dedham,0.0,0.0,-0.96736,0.96736,2019-10-02 21:36:59,51.0, 3d1950a0-e57e-11e9-90c3-45c3f76c0e47, 51/3d1950a0e57e11e990c345c3f76c0e47
237,2019-10-02,45571,"Vegetable Korma, Hyderabadi Cashew",Menu Item,46000029957,Breakfast,Discarded,Over Produced,3.43921,106,1.59,Lbs,HB,,51,Dedham,0.0,0.0,-1.84921,1.84921,2019-10-02 21:38:40,51.0, 736c7b00-e57e-11e9-8246-012e5e367d18, 51/736c7b00e57e11e98246012e5e367d18
238,2019-10-02,45573,Chicken Cacciatore ,Menu Item,46000005678,Breakfast,Discarded,Over Produced,2.00621,106,1.59,Lbs,HB,,51,Dedham,0.0,0.0,-0.41620999999999975,0.41620999999999975,2019-10-02 21:38:59,51.0, 7e111700-e57e-11e9-8246-012e5e367d18, 51/7e111700e57e11e98246012e5e367d18
239,2019-10-02,45574,Maria's Beef Meatballs ,Menu Item,22593200000,Breakfast,Discarded,Over Produced,2.60145,106,1.59,Lbs,HB,,51,Dedham,0.0,0.0,-1.0114499999999997,1.0114499999999997,2019-10-02 21:39:20,51.0, 87852240-e57e-11e9-90c3-45c3f76c0e47, 51/87852240e57e11e990c345c3f76c0e47
240,2019-10-02,45574,Maria's Beef Meatballs ,Menu Item,22593200000,Breakfast,Discarded,Over Produced,2.60145,106,1.59,Lbs,HB,,51,Dedham,0.0,0.0,-1.0114499999999997,1.0114499999999997,2019-10-02 21:39:20,51.0, 91ae9ad0-e57e-11e9-90c3-45c3f76c0e47, 51/91ae9ad0e57e11e990c345c3f76c0e47
241,2019-10-02,45578,Garlic Parm & Pepper Potatoes,Menu Item,46000018077,Breakfast,Discarded,Over Produced,3.17466,106,1.59,Lbs,HB,,51,Dedham,0.0,0.0,-1.5846599999999997,1.5846599999999997,2019-10-02 21:39:40,51.0, 9c980800-e57e-11e9-90c3-45c3f76c0e47, 51/9c980800e57e11e990c345c3f76c0e47
242,2019-10-02,45576,Olive Tomato Parsley Pollock,Menu Item,46000059701,Breakfast,Discarded,Over Produced,4.1006,106,1.59,Lbs,HB,,51,Dedham,0.0,0.0,-2.5106,2.5106,2019-10-02 21:39:40,51.0, 9c980800-e57e-11e9-90c3-45c3f76c0e47, 51/9c980800e57e11e990c345c3f76c0e47
243,2019-10-02,45580,Blackened Potatoes,Menu Item,46000018076,Breakfast,Discarded,Over Produced,1.80779,106,1.59,Lbs,HB,,51,Dedham,0.0,0.0,-0.21778999999999993,0.21778999999999993,2019-10-02 21:40:40,51.0, be68a5c0-e57e-11e9-8246-012e5e367d18, 51/be68a5c0e57e11e98246012e5e367d18
244,2019-10-02,45582,Roasted Eggplant,Menu Item,46000059993,Breakfast,Discarded,Over Produced,1.89598,106,1.59,Lbs,HB,,51,Dedham,0.0,0.0,-0.3059799999999999,0.3059799999999999,2019-10-02 21:40:59,51.0, c7acc760-e57e-11e9-90c3-45c3f76c0e47, 51/c7acc760e57e11e990c345c3f76c0e47
245,2019-10-02,45584,Curried Cauliflower,Menu Item,46000007290,Breakfast,Discarded,Over Produced,1.80779,107,1.94,Lbs,HB,,51,Dedham,0.0,0.0,0.13220999999999994,-0.13220999999999994,2019-10-02 21:41:59,,,
246,2019-10-02,45586,Lemon Garlic Broccolini,Menu Item,46000019137,Breakfast,Discarded,Over Produced,2.22667,107,1.94,Lbs,HB,,51,Dedham,0.0,0.0,-0.28667,0.28667,2019-10-02 21:42:20,,,
247,2019-10-02,45595,Kidney Beans,Menu Item,46000055848,Breakfast,Saved,End,4.60766,110,0.59,Lbs,SB,,51,Dedham,0.0,4.01766,-4.01766,0.0,2019-10-02 21:44:40,,,
248,2019-10-02,45596,Gigande,Menu Item,46000055823,Breakfast,Saved,End,9.94285,110,0.59,Lbs,SB,,51,Dedham,0.0,9.35285,-9.35285,0.0,2019-10-02 21:45:20,,,
249,2019-10-02,45599,Black Beans,Menu Item,46000006607,Breakfast,Saved,End,5.93043,110,0.59,Lbs,SB,,51,Dedham,0.0,5.3404300000000005,-5.3404300000000005,0.0,2019-10-02 21:45:40,51.0, 6b482bd0-e57f-11e9-8246-012e5e367d18, 51/6b482bd0e57f11e98246012e5e367d18
250,2019-10-02,45600,Hard Boiled Eggs ,Menu Item,46000055832,Breakfast,Saved,End,5.64383,110,0.59,Lbs,SB,,51,Dedham,0.0,5.0538300000000005,-5.0538300000000005,0.0,2019-10-02 21:45:59,51.0, 771c4720-e57f-11e9-90c3-45c3f76c0e47, 51/771c4720e57f11e990c345c3f76c0e47
251,2019-10-02,45601,Red Quinoa,Menu Item,46000055911,Breakfast,Saved,End,4.3872,110,0.59,Lbs,SB,,51,Dedham,0.0,3.7972,-3.7972,0.0,2019-10-02 21:46:20,51.0, 8a8e4e20-e57f-11e9-8246-012e5e367d18, 51/8a8e4e20e57f11e98246012e5e367d18
252,2019-10-02,45602,Farro,Menu Item,46000055812,Breakfast,Saved,End,5.99657,110,0.59,Lbs,SB,,51,Dedham,0.0,5.40657,-5.40657,0.0,2019-10-02 21:46:59,51.0, a39c5650-e57f-11e9-90c3-45c3f76c0e47, 51/a39c5650e57f11e990c345c3f76c0e47
253,2019-10-02,45603,Garbanzo Beans,Menu Item,46000055820,Breakfast,Saved,End,6.1068,110,0.59,Lbs,SB,,51,Dedham,0.0,5.5168,-5.5168,0.0,2019-10-02 21:47:59,,,
254,2019-10-02,45605,Dolmas,Menu Item,46000058735,Breakfast,Saved,End,3.50535,111,0.35,Lbs,SB,,51,Dedham,0.0,3.15535,-3.15535,0.0,2019-10-02 21:48:40,51.0, d9dc6de0-e57f-11e9-90c3-45c3f76c0e47, 51/d9dc6de0e57f11e990c345c3f76c0e47
255,2019-10-02,45607,Roasted Red Peppers,Menu Item,46000059425,Breakfast,Saved,End,4.12264,111,0.35,Lbs,SB,,51,Dedham,0.0,3.7726399999999995,-3.7726399999999995,0.0,2019-10-02 21:48:59,51.0, e84ae320-e57f-11e9-90c3-45c3f76c0e47, 51/e84ae320e57f11e990c345c3f76c0e47
256,2019-10-02,45609,Hummus,Menu Item,46000059671,Breakfast,Saved,End,2.11644,111,0.35,Lbs,SB,,51,Dedham,0.0,1.7664399999999998,-1.7664399999999998,0.0,2019-10-02 21:49:20,51.0, f34f0440-e57f-11e9-90c3-45c3f76c0e47, 51/f34f0440e57f11e990c345c3f76c0e47
257,2019-10-02,45611,Cook Falafel,Menu Item,46000003326,Breakfast,Saved,End,1.1464,111,0.35,Lbs,SB,,51,Dedham,0.0,0.7964000000000001,-0.7964000000000001,0.0,2019-10-02 21:49:40,51.0, 0052ed00-e580-11e9-90c3-45c3f76c0e47, 51/0052ed00e58011e990c345c3f76c0e47
258,2019-10-02,45612,Grilled Chicken,Menu Item,28452000000,Breakfast,Saved,End,2.49122,111,0.35,Lbs,SB,,51,Dedham,0.0,2.14122,-2.14122,0.0,2019-10-02 21:49:59,51.0, 0c4f9ef0-e580-11e9-8246-012e5e367d18, 51/0c4f9ef0e58011e98246012e5e367d18
259,2019-10-02,45613,Marinated Feta,Menu Item,46000024575,Breakfast,Saved,End,5.33519,111,0.35,Lbs,SB,,51,Dedham,0.0,4.98519,-4.98519,0.0,2019-10-02 21:50:40,51.0, 22b01350-e580-11e9-90c3-45c3f76c0e47, 51/22b01350e58011e990c345c3f76c0e47
260,2019-10-02,45615,Grilled Tofu,Menu Item,46000064783,Breakfast,Saved,End,7.80436,111,0.35,Lbs,SB,,51,Dedham,0.0,7.45436,-7.45436,0.0,2019-10-02 21:50:59,51.0, 32a612f0-e580-11e9-8246-012e5e367d18, 51/32a612f0e58011e98246012e5e367d18
261,2019-10-02,45620,Grape Tomatoes ,Menu Item,46000055943,Breakfast,Saved,End,3.30693,111,0.35,Lbs,SB,,51,Dedham,0.0,2.95693,-2.95693,0.0,2019-10-02 21:54:00,,,
262,2019-10-02,45622,Roasted Garlic ,Menu Item,46000056506,Breakfast,Saved,End,7.71618,110,0.59,Lbs,SB,,51,Dedham,0.0,7.12618,-7.12618,0.0,2019-10-02 21:56:59,51.0, ffc165f0-e580-11e9-8246-012e5e367d18, 51/ffc165f0e58011e98246012e5e367d18
263,2019-10-02,45625,Roasted Mushrooms ,Menu Item,46000010550,Breakfast,Saved,End,6.98865,110,0.59,Lbs,SB,,51,Dedham,0.0,6.39865,-6.39865,0.0,2019-10-02 21:57:20,51.0, 13ebe780-e581-11e9-90c3-45c3f76c0e47, 51/13ebe780e58111e990c345c3f76c0e47
264,2019-10-02,45634,Peas,Menu Item,46000055892,Breakfast,Saved,End,5.64383,110,0.59,Lbs,SB,,51,Dedham,0.0,5.0538300000000005,-5.0538300000000005,0.0,2019-10-02 22:03:20,51.0, ece3e150-e581-11e9-8246-012e5e367d18, 51/ece3e150e58111e98246012e5e367d18
265,2019-10-02,45635,Corn ,Menu Item,46000055793,Breakfast,Saved,End,5.62179,110,0.59,Lbs,SB,,51,Dedham,0.0,5.03179,-5.03179,0.0,2019-10-02 22:03:20,51.0, ece3e150-e581-11e9-8246-012e5e367d18, 51/ece3e150e58111e98246012e5e367d18
266,2019-10-02,45637,Edamame,Menu Item,46000055807,Breakfast,Saved,End,6.85638,110,0.59,Lbs,SB,,51,Dedham,0.0,6.26638,-6.26638,0.0,2019-10-02 22:03:40,51.0, f812bbf0-e581-11e9-90c3-45c3f76c0e47, 51/f812bbf0e58111e990c345c3f76c0e47
267,2019-10-02,45639,Hearts of Palm,Menu Item,46000055834,Breakfast,Saved,End,7.14298,110,0.59,Lbs,SB,,51,Dedham,0.0,6.55298,-6.55298,0.0,2019-10-02 22:03:59,51.0, 03faad60-e582-11e9-90c3-45c3f76c0e47, 51/03faad60e58211e990c345c3f76c0e47
268,2019-10-02,45641,Summer Squash ,Menu Item,46000007477,Breakfast,Saved,End,6.26113,111,0.35,Lbs,SB,,51,Dedham,0.0,5.91113,-5.91113,0.0,2019-10-02 22:04:40,,,
269,2019-10-02,45648,Golden Beets,Menu Item,46000055729,Breakfast,Saved,End,9.85466,101,2.12,Lbs,SB,,51,Dedham,0.0,7.734660000000001,-7.734660000000001,0.0,2019-10-02 22:06:59,,,
270,2019-10-02,45653,Zucchini ,Menu Item,46000007476,Breakfast,Saved,End,8.7744,101,2.12,Lbs,SB,,51,Dedham,0.0,6.6544,-6.6544,0.0,2019-10-02 22:10:20,51.0, e1110910-e582-11e9-90c3-45c3f76c0e47, 51/e1110910e58211e990c345c3f76c0e47
271,2019-10-02,45655,Snap Peas,Menu Item,46000059426,Breakfast,Saved,End,7.89255,101,2.12,Lbs,SB,,51,Dedham,0.0,5.77255,-5.77255,0.0,2019-10-02 22:10:40,51.0, eb4cf830-e582-11e9-8246-012e5e367d18, 51/eb4cf830e58211e98246012e5e367d18
272,2019-10-02,45657,Mixed Peppers,Menu Item,46000055736,Breakfast,Saved,End,7.2973,101,2.12,Lbs,SB,,51,Dedham,0.0,5.1773,-5.1773,0.0,2019-10-02 22:10:59,51.0, f67fca70-e582-11e9-90c3-45c3f76c0e47, 51/f67fca70e58211e990c345c3f76c0e47
