,Pan_ID,PLU,0
0,100.0,26120900000,3
1,100.0,27661300000,5
2,100.0,27661900000,2
3,100.0,27848700000,2
4,100.0,27994400000,3
5,100.0,28452000000,1
6,100.0,46000001661,1
7,100.0,46000003438,3
8,100.0,46000005678,1
9,100.0,46000006607,1
10,100.0,46000007476,2
11,100.0,46000007477,1
12,100.0,46000007609,2
13,100.0,46000008060,1
14,100.0,46000008996,1
15,100.0,46000010550,1
16,100.0,46000013170,3
17,100.0,46000015079,4
18,100.0,46000018400,3
19,100.0,46000018433,2
20,100.0,46000020405,1
21,100.0,46000021385,1
22,100.0,46000022419,3
23,100.0,46000024072,1
24,100.0,46000024075,3
25,100.0,46000024076,3
26,100.0,46000024077,4
27,100.0,46000024079,3
28,100.0,46000024575,1
29,100.0,46000025181,1
30,100.0,46000027069,3
31,100.0,46000027159,4
32,100.0,46000027163,4
33,100.0,46000055714,2
34,100.0,46000055729,1
35,100.0,46000055736,2
36,100.0,46000055744,3
37,100.0,46000055747,3
38,100.0,46000055768,6
39,100.0,46000055793,1
40,100.0,46000055807,1
41,100.0,46000055812,1
42,100.0,46000055820,1
43,100.0,46000055823,1
44,100.0,46000055827,3
45,100.0,46000055832,2
46,100.0,46000055834,1
47,100.0,46000055836,4
48,100.0,46000055842,2
49,100.0,46000055848,1
50,100.0,46000055863,6
51,100.0,46000055892,1
52,100.0,46000055911,2
53,100.0,46000055923,4
54,100.0,46000055938,4
55,100.0,46000056506,1
56,100.0,46000057474,2
57,100.0,46000058382,1
58,100.0,46000059426,2
59,100.0,46000059699,1
60,100.0,46000059700,2
61,100.0,46000059701,1
62,100.0,46000060011,1
63,100.0,46000060285,4
64,100.0,46000060414,1
65,100.0,46000063050,4
66,100.0,46000063819,1
67,100.0,46000064022,1
68,100.0,46000064399,1
69,100.0,46000064401,1
70,100.0,46000064603,2
71,100.0,46000064783,2
72,100.0,46000064784,1
73,100.0,46000064940,1
74,100.0,46000065008,1
75,100.0,46000065097,1
76,101.0,26120900000,5
77,101.0,26747000000,1
78,101.0,27661300000,4
79,101.0,27661900000,4
80,101.0,27994400000,1
81,101.0,28452000000,2
82,101.0,46000003326,2
83,101.0,46000003438,1
84,101.0,46000006607,2
85,101.0,46000007476,3
86,101.0,46000007477,2
87,101.0,46000007582,4
88,101.0,46000007609,1
89,101.0,46000008060,6
90,101.0,46000010550,3
91,101.0,46000013170,6
92,101.0,46000016511,1
93,101.0,46000018075,5
94,101.0,46000018076,2
95,101.0,46000018400,4
96,101.0,46000018433,2
97,101.0,46000020405,1
98,101.0,46000021385,1
99,101.0,46000022419,1
100,101.0,46000024072,1
101,101.0,46000024075,1
102,101.0,46000024076,1
103,101.0,46000024077,1
104,101.0,46000024079,2
105,101.0,46000024081,3
106,101.0,46000024575,1
107,101.0,46000025181,1
108,101.0,46000025411,1
109,101.0,46000027069,1
110,101.0,46000027159,1
111,101.0,46000027163,1
112,101.0,46000055714,1
113,101.0,46000055729,4
114,101.0,46000055736,3
115,101.0,46000055744,5
116,101.0,46000055747,5
117,101.0,46000055768,4
118,101.0,46000055793,2
119,101.0,46000055807,2
120,101.0,46000055812,3
121,101.0,46000055820,2
122,101.0,46000055823,2
123,101.0,46000055827,5
124,101.0,46000055832,3
125,101.0,46000055834,2
126,101.0,46000055836,4
127,101.0,46000055842,2
128,101.0,46000055848,2
129,101.0,46000055863,5
130,101.0,46000055892,2
131,101.0,46000055903,4
132,101.0,46000055911,2
133,101.0,46000055923,3
134,101.0,46000055938,3
135,101.0,46000055943,3
136,101.0,46000056506,1
137,101.0,46000057474,1
138,101.0,46000058735,1
139,101.0,46000059365,1
140,101.0,46000059425,1
141,101.0,46000059426,2
142,101.0,46000059671,1
143,101.0,46000060285,1
144,101.0,46000060414,1
145,101.0,46000063050,4
146,101.0,46000063709,1
147,101.0,46000064022,1
148,101.0,46000064399,3
149,101.0,46000064401,1
150,101.0,46000064603,1
151,101.0,46000064783,2
152,101.0,46000064891,1
153,102.0,28452000000,1
154,102.0,46000006607,1
155,102.0,46000007477,1
156,102.0,46000007609,1
157,102.0,46000020411,1
158,102.0,46000024575,1
159,102.0,46000055820,1
160,102.0,46000055848,1
161,102.0,46000055863,1
162,102.0,46000059426,1
163,102.0,46000059699,1
164,102.0,46000064022,1
165,102.0,46000065097,1
166,103.0,26747000000,2
167,103.0,28452000000,1
168,103.0,46000003326,1
169,103.0,46000007290,1
170,103.0,46000018074,1
171,103.0,46000019137,1
172,103.0,46000024575,1
173,103.0,46000055729,1
174,103.0,46000055793,1
175,103.0,46000055823,1
176,103.0,46000056506,1
177,103.0,46000057474,1
178,103.0,46000058735,1
179,103.0,46000059365,1
180,103.0,46000059425,1
181,103.0,46000059700,1
182,103.0,46000059701,1
183,103.0,46000060414,1
184,103.0,46000063819,1
185,103.0,46000064783,1
186,104.0,22593200000,1
187,104.0,26747000000,1
188,104.0,27848700000,1
189,104.0,28452000000,3
190,104.0,46000001661,1
191,104.0,46000003326,1
192,104.0,46000005678,48
193,104.0,46000007290,1
194,104.0,46000007582,9
195,104.0,46000007609,1
196,104.0,46000008060,13
197,104.0,46000008373,30
198,104.0,46000008996,3
199,104.0,46000010510,4
200,104.0,46000016509,3
201,104.0,46000016511,1
202,104.0,46000018074,1
203,104.0,46000018075,18
204,104.0,46000018077,1
205,104.0,46000018079,8
206,104.0,46000018433,1
207,104.0,46000018499,1
208,104.0,46000019137,3
209,104.0,46000020405,1
210,104.0,46000020411,2
211,104.0,46000024072,2
212,104.0,46000024077,1
213,104.0,46000024081,1
214,104.0,46000024575,1
215,104.0,46000025411,52
216,104.0,46000025644,1
217,104.0,46000029958,2
218,104.0,46000029959,1
219,104.0,46000055714,1
220,104.0,46000055744,1
221,104.0,46000055820,1
222,104.0,46000055836,1
223,104.0,46000055863,3
224,104.0,46000055938,1
225,104.0,46000057474,2
226,104.0,46000058382,3
227,104.0,46000058735,1
228,104.0,46000059365,1
229,104.0,46000059671,1
230,104.0,46000059699,8
231,104.0,46000059700,11
232,104.0,46000059701,1
233,104.0,46000060011,1
234,104.0,46000060414,4
235,104.0,46000063050,1
236,104.0,46000063709,22
237,104.0,46000063712,27
238,104.0,46000063817,1
239,104.0,46000063819,3
240,104.0,46000064399,1
241,104.0,46000064401,1
242,104.0,46000064443,1
243,104.0,46000064603,1
244,104.0,46000064783,2
245,104.0,46000064784,2
246,104.0,46000064881,2
247,104.0,46000064890,2
248,104.0,46000064891,1
249,104.0,46000064940,6
250,104.0,46000065097,1
251,105.0,27661300000,1
252,105.0,27848700000,2
253,105.0,27994400000,1
254,105.0,28452000000,1
255,105.0,46000003326,1
256,105.0,46000003438,1
257,105.0,46000003990,1
258,105.0,46000004910,4
259,105.0,46000005582,1
260,105.0,46000007477,1
261,105.0,46000007582,92
262,105.0,46000007609,1
263,105.0,46000008060,2
264,105.0,46000008373,9
265,105.0,46000016509,1
266,105.0,46000016511,2
267,105.0,46000018075,2
268,105.0,46000018076,1
269,105.0,46000018499,1
270,105.0,46000019137,1
271,105.0,46000020405,2
272,105.0,46000021385,1
273,105.0,46000024077,1
274,105.0,46000024079,1
275,105.0,46000024575,1
276,105.0,46000025181,1
277,105.0,46000025411,1
278,105.0,46000027159,1
279,105.0,46000027163,1
280,105.0,46000055714,1
281,105.0,46000055736,1
282,105.0,46000055834,1
283,105.0,46000055842,1
284,105.0,46000055863,1
285,105.0,46000055938,1
286,105.0,46000057474,1
287,105.0,46000058382,4
288,105.0,46000058735,1
289,105.0,46000059365,1
290,105.0,46000059425,1
291,105.0,46000059671,1
292,105.0,46000060270,1
293,105.0,46000060285,2
294,105.0,46000063709,23
295,105.0,46000063712,1
296,105.0,46000064022,1
297,105.0,46000064443,2
298,105.0,46000064603,1
299,105.0,46000064783,1
300,105.0,46000064890,1
301,105.0,46000064891,1
302,106.0,22593200000,17
303,106.0,26747000000,36
304,106.0,27661300000,1
305,106.0,27661900000,2
306,106.0,27994400000,2
307,106.0,28452000000,1
308,106.0,46000001661,10
309,106.0,46000003326,1
310,106.0,46000003438,1
311,106.0,46000003990,14
312,106.0,46000004373,2
313,106.0,46000005678,13
314,106.0,46000007290,16
315,106.0,46000007476,1
316,106.0,46000007582,2
317,106.0,46000007609,1
318,106.0,46000008060,12
319,106.0,46000008373,7
320,106.0,46000008996,6
321,106.0,46000010510,9
322,106.0,46000013170,1
323,106.0,46000016511,1
324,106.0,46000018074,26
325,106.0,46000018075,12
326,106.0,46000018076,12
327,106.0,46000018077,15
328,106.0,46000018079,1
329,106.0,46000018400,2
330,106.0,46000018433,1
331,106.0,46000019137,1
332,106.0,46000020405,21
333,106.0,46000020411,9
334,106.0,46000022419,1
335,106.0,46000024075,2
336,106.0,46000024076,2
337,106.0,46000024077,1
338,106.0,46000024079,1
339,106.0,46000025181,1
340,106.0,46000025411,7
341,106.0,46000025643,1
342,106.0,46000026168,11
343,106.0,46000027069,1
344,106.0,46000027163,1
345,106.0,46000029060,3
346,106.0,46000029957,17
347,106.0,46000029958,21
348,106.0,46000029960,23
349,106.0,46000029962,22
350,106.0,46000055714,1
351,106.0,46000055744,1
352,106.0,46000055747,1
353,106.0,46000055768,1
354,106.0,46000055793,1
355,106.0,46000055836,2
356,106.0,46000055842,1
357,106.0,46000055863,3
358,106.0,46000055892,1
359,106.0,46000055938,1
360,106.0,46000055943,1
361,106.0,46000057444,17
362,106.0,46000057474,20
363,106.0,46000057669,23
364,106.0,46000058382,1
365,106.0,46000058735,1
366,106.0,46000059425,1
367,106.0,46000059699,5
368,106.0,46000059700,6
369,106.0,46000059701,59
370,106.0,46000059993,24
371,106.0,46000060011,2
372,106.0,46000060285,1
373,106.0,46000060414,20
374,106.0,46000063050,2
375,106.0,46000063709,10
376,106.0,46000063712,6
377,106.0,46000063817,2
378,106.0,46000063819,5
379,106.0,46000064022,2
380,106.0,46000064399,1
381,106.0,46000064401,1
382,106.0,46000064443,2
383,106.0,46000064603,2
384,106.0,46000064783,1
385,106.0,46000064784,6
386,106.0,46000064881,1
387,106.0,46000064890,9
388,106.0,46000064891,2
389,106.0,46000064940,4
390,106.0,46000065008,7
391,106.0,46000065097,8
392,107.0,22593200000,42
393,107.0,26747000000,20
394,107.0,27848700000,1
395,107.0,46000001661,2
396,107.0,46000003990,23
397,107.0,46000004373,1
398,107.0,46000004909,2
399,107.0,46000004910,2
400,107.0,46000005678,1
401,107.0,46000007290,35
402,107.0,46000007582,10
403,107.0,46000008060,22
404,107.0,46000008373,4
405,107.0,46000008996,1
406,107.0,46000010510,26
407,107.0,46000010550,1
408,107.0,46000011745,1
409,107.0,46000013789,1
410,107.0,46000016509,8
411,107.0,46000016511,6
412,107.0,46000016512,1
413,107.0,46000018074,49
414,107.0,46000018075,27
415,107.0,46000018076,28
416,107.0,46000018077,21
417,107.0,46000018079,1
418,107.0,46000018498,1
419,107.0,46000018499,6
420,107.0,46000019137,55
421,107.0,46000020405,41
422,107.0,46000020411,19
423,107.0,46000025411,6
424,107.0,46000026168,40
425,107.0,46000027163,1
426,107.0,46000029957,19
427,107.0,46000029958,13
428,107.0,46000029959,1
429,107.0,46000029960,26
430,107.0,46000029961,3
431,107.0,46000029962,29
432,107.0,46000055747,1
433,107.0,46000055793,1
434,107.0,46000055807,1
435,107.0,46000055834,1
436,107.0,46000055863,2
437,107.0,46000055892,1
438,107.0,46000055923,2
439,107.0,46000057444,31
440,107.0,46000057474,73
441,107.0,46000057669,23
442,107.0,46000058382,2
443,107.0,46000059671,1
444,107.0,46000059699,3
445,107.0,46000059700,3
446,107.0,46000059701,1
447,107.0,46000059993,17
448,107.0,46000060011,14
449,107.0,46000060414,71
450,107.0,46000063050,2
451,107.0,46000063709,3
452,107.0,46000063712,2
453,107.0,46000063819,2
454,107.0,46000064443,7
455,107.0,46000064603,1
456,107.0,46000064784,1
457,107.0,46000064890,27
458,107.0,46000064891,64
459,107.0,46000064940,2
460,107.0,46000065008,2
461,107.0,46000065097,1
462,108.0,27848700000,1
463,108.0,27994400000,1
464,108.0,46000003326,1
465,108.0,46000004373,10
466,108.0,46000004909,12
467,108.0,46000004910,21
468,108.0,46000005582,4
469,108.0,46000007477,1
470,108.0,46000013789,16
471,108.0,46000016509,45
472,108.0,46000016511,51
473,108.0,46000016512,27
474,108.0,46000018074,1
475,108.0,46000018076,1
476,108.0,46000018498,21
477,108.0,46000018499,40
478,108.0,46000021385,1
479,108.0,46000024077,1
480,108.0,46000024081,1
481,108.0,46000025181,1
482,108.0,46000027069,2
483,108.0,46000027163,1
484,108.0,46000055714,2
485,108.0,46000055729,1
486,108.0,46000055793,1
487,108.0,46000055807,1
488,108.0,46000055823,1
489,108.0,46000055834,1
490,108.0,46000055836,1
491,108.0,46000055842,2
492,108.0,46000055863,3
493,108.0,46000055892,1
494,108.0,46000055903,1
495,108.0,46000055923,3
496,108.0,46000058735,2
497,108.0,46000059425,1
498,108.0,46000059671,1
499,108.0,46000059700,1
500,108.0,46000059701,1
501,108.0,46000060285,1
502,108.0,46000063050,1
503,108.0,46000063819,1
504,108.0,46000064022,1
505,108.0,46000064399,3
506,108.0,46000064401,3
507,108.0,46000064443,67
508,108.0,46000064890,1
509,108.0,46000064940,2
510,108.0,46000065008,1
511,109.0,46000008060,1
512,109.0,46000025411,1
513,109.0,46000055714,1
514,109.0,46000055892,1
515,109.0,46000064443,1
516,109.0,46000064603,1
517,110.0,26120900000,5
518,110.0,27661300000,7
519,110.0,27661900000,4
520,110.0,27848700000,3
521,110.0,27994400000,8
522,110.0,28452000000,2
523,110.0,46000003438,5
524,110.0,46000006607,6
525,110.0,46000007476,7
526,110.0,46000007477,8
527,110.0,46000007609,7
528,110.0,46000010550,5
529,110.0,46000013170,7
530,110.0,46000015079,2
531,110.0,46000018075,4
532,110.0,46000018400,7
533,110.0,46000018433,6
534,110.0,46000022419,10
535,110.0,46000024075,9
536,110.0,46000024076,9
537,110.0,46000024077,9
538,110.0,46000024079,10
539,110.0,46000024081,8
540,110.0,46000024575,1
541,110.0,46000025181,3
542,110.0,46000027069,10
543,110.0,46000027163,10
544,110.0,46000055714,1
545,110.0,46000055729,1
546,110.0,46000055736,3
547,110.0,46000055744,6
548,110.0,46000055747,4
549,110.0,46000055768,4
550,110.0,46000055793,6
551,110.0,46000055807,7
552,110.0,46000055812,7
553,110.0,46000055820,6
554,110.0,46000055823,10
555,110.0,46000055827,3
556,110.0,46000055832,6
557,110.0,46000055834,10
558,110.0,46000055836,6
559,110.0,46000055842,3
560,110.0,46000055848,6
561,110.0,46000055863,10
562,110.0,46000055892,8
563,110.0,46000055903,5
564,110.0,46000055911,6
565,110.0,46000055923,6
566,110.0,46000055938,4
567,110.0,46000055943,2
568,110.0,46000056506,5
569,110.0,46000059365,1
570,110.0,46000059426,5
571,110.0,46000060285,10
572,110.0,46000063050,6
573,110.0,46000064022,8
574,110.0,46000064399,11
575,110.0,46000064401,11
576,110.0,46000064603,10
577,110.0,46000064783,3
578,111.0,26120900000,6
579,111.0,27661300000,4
580,111.0,27661900000,5
581,111.0,27848700000,4
582,111.0,27994400000,1
583,111.0,28452000000,8
584,111.0,46000001661,1
585,111.0,46000003326,5
586,111.0,46000003438,3
587,111.0,46000006607,6
588,111.0,46000007476,2
589,111.0,46000007477,1
590,111.0,46000007609,4
591,111.0,46000008996,1
592,111.0,46000010550,4
593,111.0,46000013170,4
594,111.0,46000015079,3
595,111.0,46000018400,4
596,111.0,46000018433,2
597,111.0,46000021385,1
598,111.0,46000022419,1
599,111.0,46000024072,1
600,111.0,46000024075,3
601,111.0,46000024076,2
602,111.0,46000024077,1
603,111.0,46000024079,2
604,111.0,46000024081,2
605,111.0,46000024575,7
606,111.0,46000025181,3
607,111.0,46000055714,7
608,111.0,46000055729,2
609,111.0,46000055736,6
610,111.0,46000055744,5
611,111.0,46000055747,6
612,111.0,46000055768,7
613,111.0,46000055793,5
614,111.0,46000055807,3
615,111.0,46000055812,5
616,111.0,46000055820,4
617,111.0,46000055827,6
618,111.0,46000055832,4
619,111.0,46000055834,1
620,111.0,46000055836,4
621,111.0,46000055842,6
622,111.0,46000055848,5
623,111.0,46000055863,2
624,111.0,46000055892,4
625,111.0,46000055903,4
626,111.0,46000055911,5
627,111.0,46000055923,3
628,111.0,46000055938,5
629,111.0,46000055943,6
630,111.0,46000056506,6
631,111.0,46000058382,1
632,111.0,46000058735,7
633,111.0,46000059365,4
634,111.0,46000059425,10
635,111.0,46000059426,6
636,111.0,46000059671,4
637,111.0,46000059699,1
638,111.0,46000059700,1
639,111.0,46000060011,1
640,111.0,46000063050,2
641,111.0,46000063819,1
642,111.0,46000064399,1
643,111.0,46000064401,1
644,111.0,46000064603,1
645,111.0,46000064783,6
646,111.0,46000064784,1
647,111.0,46000064940,1
648,111.0,46000065008,1
649,111.0,46000065097,1
650,160.0,00449791900,3
651,160.0,23527800000,1
652,160.0,27110600000,1
653,160.0,27489000000,2
654,160.0,27848700000,1
655,160.0,28452000000,9
656,160.0,46000003326,7
657,160.0,46000003438,1
658,160.0,46000003990,2
659,160.0,46000004909,1
660,160.0,46000006607,34
661,160.0,46000007582,5
662,160.0,46000007600,15
663,160.0,46000008373,1
664,160.0,46000008996,26
665,160.0,46000010140,3
666,160.0,46000010510,4
667,160.0,46000010550,1
668,160.0,46000010703,1
669,160.0,46000012679,2
670,160.0,46000013171,7
671,160.0,46000015079,2
672,160.0,46000016104,5
673,160.0,46000016511,2
674,160.0,46000017196,1
675,160.0,46000018073,1
676,160.0,46000018075,3
677,160.0,46000018079,1
678,160.0,46000018118,12
679,160.0,46000018498,1
680,160.0,46000018499,1
681,160.0,46000019851,1
682,160.0,46000020768,3
683,160.0,46000021385,2
684,160.0,46000022022,1
685,160.0,46000022419,1
686,160.0,46000024075,1
687,160.0,46000024076,3
688,160.0,46000024761,18
689,160.0,46000025411,2
690,160.0,46000028877,5
691,160.0,46000028908,2
692,160.0,46000028992,22
693,160.0,46000028993,21
694,160.0,46000028994,7
695,160.0,46000028995,14
696,160.0,46000028996,23
697,160.0,46000029060,4
698,160.0,46000029434,11
699,160.0,46000029438,1
700,160.0,46000055714,1
701,160.0,46000055729,2
702,160.0,46000055733,5
703,160.0,46000055736,9
704,160.0,46000055768,19
705,160.0,46000055793,33
706,160.0,46000055807,19
707,160.0,46000055812,14
708,160.0,46000055820,19
709,160.0,46000055832,10
710,160.0,46000055834,4
711,160.0,46000055848,20
712,160.0,46000055863,2
713,160.0,46000055892,14
714,160.0,46000055903,19
715,160.0,46000055911,15
716,160.0,46000055914,22
717,160.0,46000055923,2
718,160.0,46000055943,17
719,160.0,46000056602,9
720,160.0,46000057474,3
721,160.0,46000058382,3
722,160.0,46000059365,4
723,160.0,46000059666,1
724,160.0,46000059671,8
725,160.0,46000059699,1
726,160.0,46000060011,29
727,160.0,46000060270,4
728,160.0,46000060414,3
729,160.0,46000060601,1
730,160.0,46000060630,1
731,160.0,46000060727,21
732,160.0,46000062848,19
733,160.0,46000063050,2
734,160.0,46000063819,37
735,160.0,46000064022,1
736,160.0,46000064571,1
737,160.0,46000064572,1
738,160.0,46000064603,8
739,160.0,46000064784,6
740,160.0,46000064878,1
741,160.0,46000064891,5
742,160.0,46000064903,4
743,160.0,46000064940,5
744,160.0,46000065008,16
745,160.0,46000065097,20
746,160.0,48000006773,5
747,160.0,48000037963,5
748,161.0,00449791900,22
749,161.0,27110600000,2
750,161.0,28452000000,11
751,161.0,46000003326,4
752,161.0,46000003438,1
753,161.0,46000006607,2
754,161.0,46000007289,1
755,161.0,46000007582,2
756,161.0,46000008373,4
757,161.0,46000008996,1
758,161.0,46000010510,14
759,161.0,46000016104,1
760,161.0,46000018073,13
761,161.0,46000018074,5
762,161.0,46000018075,21
763,161.0,46000018118,2
764,161.0,46000019137,1
765,161.0,46000024076,16
766,161.0,46000024761,2
767,161.0,46000026987,1
768,161.0,46000028908,1
769,161.0,46000028910,1
770,161.0,46000028992,2
771,161.0,46000028994,1
772,161.0,46000029060,1
773,161.0,46000029434,4
774,161.0,46000055733,12
775,161.0,46000055736,1
776,161.0,46000055793,8
777,161.0,46000055820,2
778,161.0,46000055832,16
779,161.0,46000055842,1
780,161.0,46000055848,2
781,161.0,46000055863,1
782,161.0,46000055892,9
783,161.0,46000055911,9
784,161.0,46000055914,5
785,161.0,46000055923,1
786,161.0,46000055943,6
787,161.0,46000056506,1
788,161.0,46000058382,3
789,161.0,46000060011,2
790,161.0,46000060270,17
791,161.0,46000062848,1
792,161.0,46000063050,1
793,161.0,46000063819,3
794,161.0,46000064443,1
795,161.0,46000064603,11
796,161.0,46000064878,4
797,161.0,46000064884,1
798,161.0,46000064903,1
799,161.0,46000064940,40
800,161.0,46000065008,1
801,161.0,48000006773,7
802,162.0,00449791900,1
803,162.0,27110600000,1
804,162.0,27848700000,1
805,162.0,28452000000,3
806,162.0,46000003326,3
807,162.0,46000006607,4
808,162.0,46000007582,2
809,162.0,46000008060,1
810,162.0,46000010510,4
811,162.0,46000013171,3
812,162.0,46000016104,3
813,162.0,46000018073,5
814,162.0,46000018075,2
815,162.0,46000018118,10
816,162.0,46000019851,2
817,162.0,46000020768,1
818,162.0,46000022022,2
819,162.0,46000024076,1
820,162.0,46000024575,1
821,162.0,46000024761,2
822,162.0,46000025411,1
823,162.0,46000028877,4
824,162.0,46000028906,1
825,162.0,46000028908,2
826,162.0,46000028911,1
827,162.0,46000028992,2
828,162.0,46000028993,2
829,162.0,46000028994,2
830,162.0,46000028995,5
831,162.0,46000028996,2
832,162.0,46000029060,1
833,162.0,46000029306,1
834,162.0,46000029434,2
835,162.0,46000029504,1
836,162.0,46000055729,4
837,162.0,46000055733,2
838,162.0,46000055736,6
839,162.0,46000055768,1
840,162.0,46000055793,9
841,162.0,46000055807,10
842,162.0,46000055812,1
843,162.0,46000055820,4
844,162.0,46000055832,1
845,162.0,46000055834,1
846,162.0,46000055848,3
847,162.0,46000055863,2
848,162.0,46000055892,10
849,162.0,46000055903,2
850,162.0,46000055911,4
851,162.0,46000055914,3
852,162.0,46000055923,1
853,162.0,46000055930,15
854,162.0,46000055943,2
855,162.0,46000056506,10
856,162.0,46000059365,4
857,162.0,46000059425,5
858,162.0,46000059666,8
859,162.0,46000059671,6
860,162.0,46000060011,3
861,162.0,46000060414,1
862,162.0,46000060630,10
863,162.0,46000060727,6
864,162.0,46000062848,1
865,162.0,46000063050,2
866,162.0,46000063819,2
867,162.0,46000064603,1
868,162.0,46000064891,1
869,162.0,46000064903,8
870,162.0,46000064940,2
871,162.0,46000065008,1
872,162.0,46000065097,1
873,162.0,48000004791,1
874,162.0,48000006773,2
875,162.0,48000037963,2
876,163.0,00449791900,5
877,163.0,28452000000,4
878,163.0,46000005678,1
879,163.0,46000007289,1
880,163.0,46000007476,1
881,163.0,46000008373,1
882,163.0,46000010510,5
883,163.0,46000010550,1
884,163.0,46000012679,5
885,163.0,46000018073,4
886,163.0,46000018074,2
887,163.0,46000018075,6
888,163.0,46000022022,1
889,163.0,46000024076,1
890,163.0,46000024575,1
891,163.0,46000026987,1
892,163.0,46000028877,1
893,163.0,46000028908,1
894,163.0,46000029060,2
895,163.0,46000029306,1
896,163.0,46000029309,2
897,163.0,46000055733,1
898,163.0,46000055892,1
899,163.0,46000055930,1
900,163.0,46000055943,1
901,163.0,46000056506,2
902,163.0,46000059365,1
903,163.0,46000059671,1
904,163.0,46000059993,1
905,163.0,46000060270,2
906,163.0,46000060630,2
907,163.0,46000064022,1
908,163.0,46000064783,1
909,163.0,46000064891,4
910,163.0,46000064940,4
911,163.0,48000006773,2
912,164.0,23527800000,16
913,164.0,27489000000,19
914,164.0,27848700000,19
915,164.0,27994400000,1
916,164.0,28452000000,1
917,164.0,46000003438,11
918,164.0,46000004373,1
919,164.0,46000004909,1
920,164.0,46000005582,1
921,164.0,46000005678,2
922,164.0,46000006607,1
923,164.0,46000007289,2
924,164.0,46000007582,49
925,164.0,46000007600,1
926,164.0,46000007609,5
927,164.0,46000008060,2
928,164.0,46000008373,2
929,164.0,46000010140,1
930,164.0,46000010703,18
931,164.0,46000015079,4
932,164.0,46000016509,2
933,164.0,46000016511,1
934,164.0,46000016512,1
935,164.0,46000017196,8
936,164.0,46000018073,1
937,164.0,46000018075,3
938,164.0,46000018498,1
939,164.0,46000018499,1
940,164.0,46000019851,22
941,164.0,46000020768,15
942,164.0,46000022419,15
943,164.0,46000024076,2
944,164.0,46000025411,26
945,164.0,46000028877,1
946,164.0,46000028908,1
947,164.0,46000028992,1
948,164.0,46000028993,1
949,164.0,46000028994,1
950,164.0,46000028996,1
951,164.0,46000029299,1
952,164.0,46000029305,2
953,164.0,46000029434,2
954,164.0,46000029438,16
955,164.0,46000055714,1
956,164.0,46000055733,1
957,164.0,46000055793,1
958,164.0,46000055812,1
959,164.0,46000055820,1
960,164.0,46000055832,1
961,164.0,46000055842,2
962,164.0,46000055848,1
963,164.0,46000055863,30
964,164.0,46000055892,2
965,164.0,46000055923,2
966,164.0,46000057474,1
967,164.0,46000058382,40
968,164.0,46000059701,17
969,164.0,46000060270,2
970,164.0,46000060414,37
971,164.0,46000060601,14
972,164.0,46000063050,4
973,164.0,46000064022,16
974,164.0,46000064401,2
975,164.0,46000064443,2
976,164.0,46000064571,1
977,164.0,46000064572,1
978,164.0,46000064603,1
979,164.0,46000064878,1
980,164.0,46000064881,1
981,164.0,46000064884,10
982,164.0,46000064940,3
983,164.0,48000004789,17
984,164.0,48000004791,5
985,165.0,23527800000,2
986,165.0,27110600000,1
987,165.0,27848700000,1
988,165.0,46000003438,1
989,165.0,46000007582,1
990,165.0,46000012679,1
991,165.0,46000015079,1
992,165.0,46000017196,2
993,165.0,46000018073,1
994,165.0,46000018075,1
995,165.0,46000020768,1
996,165.0,46000022419,1
997,165.0,46000025411,3
998,165.0,46000029306,2
999,165.0,46000029309,2
1000,165.0,46000055714,2
1001,165.0,46000055923,1
1002,165.0,46000059701,4
1003,165.0,46000060270,2
1004,165.0,46000060414,1
1005,165.0,46000063050,3
1006,165.0,46000063709,1
1007,165.0,46000064022,1
1008,165.0,46000064571,2
1009,165.0,46000064884,1
1010,166.0,00449791900,3
1011,166.0,22593200000,1
1012,166.0,27489000000,2
1013,166.0,28452000000,1
1014,166.0,46000003326,1
1015,166.0,46000005678,14
1016,166.0,46000006607,5
1017,166.0,46000006973,1
1018,166.0,46000007289,3
1019,166.0,46000007582,7
1020,166.0,46000008060,12
1021,166.0,46000008373,3
1022,166.0,46000010140,13
1023,166.0,46000010510,1
1024,166.0,46000010550,1
1025,166.0,46000012679,3
1026,166.0,46000017196,3
1027,166.0,46000018073,4
1028,166.0,46000018075,3
1029,166.0,46000018118,4
1030,166.0,46000019137,3
1031,166.0,46000019851,8
1032,166.0,46000020370,9
1033,166.0,46000020768,4
1034,166.0,46000022022,3
1035,166.0,46000022419,1
1036,166.0,46000024571,3
1037,166.0,46000024761,1
1038,166.0,46000025411,3
1039,166.0,46000026991,1
1040,166.0,46000028877,11
1041,166.0,46000028908,19
1042,166.0,46000028911,6
1043,166.0,46000028992,2
1044,166.0,46000028993,3
1045,166.0,46000028994,1
1046,166.0,46000028995,1
1047,166.0,46000029060,15
1048,166.0,46000029299,1
1049,166.0,46000029305,2
1050,166.0,46000029306,4
1051,166.0,46000029309,9
1052,166.0,46000029504,2
1053,166.0,46000055714,1
1054,166.0,46000055736,1
1055,166.0,46000055793,3
1056,166.0,46000055807,1
1057,166.0,46000055812,1
1058,166.0,46000055820,1
1059,166.0,46000055842,1
1060,166.0,46000055848,1
1061,166.0,46000055863,3
1062,166.0,46000055892,1
1063,166.0,46000055911,2
1064,166.0,46000055923,1
1065,166.0,46000055930,2
1066,166.0,46000055943,3
1067,166.0,46000056506,5
1068,166.0,46000057474,8
1069,166.0,46000058382,4
1070,166.0,46000059365,1
1071,166.0,46000059425,1
1072,166.0,46000059666,2
1073,166.0,46000059671,2
1074,166.0,46000059701,1
1075,166.0,46000059993,1
1076,166.0,46000060011,1
1077,166.0,46000060270,4
1078,166.0,46000060414,7
1079,166.0,46000060630,1
1080,166.0,46000060727,1
1081,166.0,46000062848,1
1082,166.0,46000063050,1
1083,166.0,46000063709,2
1084,166.0,46000064022,2
1085,166.0,46000064443,1
1086,166.0,46000064571,1
1087,166.0,46000064572,1
1088,166.0,46000064878,1
1089,166.0,46000064891,2
1090,166.0,46000064940,6
1091,166.0,48000004789,3
1092,166.0,48000037963,1
1093,167.0,00449791900,4
1094,167.0,46000004373,2
1095,167.0,46000005678,14
1096,167.0,46000007289,1
1097,167.0,46000007355,1
1098,167.0,46000007582,6
1099,167.0,46000008060,2
1100,167.0,46000008373,9
1101,167.0,46000010140,5
1102,167.0,46000010510,1
1103,167.0,46000012679,36
1104,167.0,46000014728,2
1105,167.0,46000015079,1
1106,167.0,46000016509,1
1107,167.0,46000016511,1
1108,167.0,46000018073,4
1109,167.0,46000018075,5
1110,167.0,46000018118,2
1111,167.0,46000018498,1
1112,167.0,46000018499,1
1113,167.0,46000019137,2
1114,167.0,46000020370,11
1115,167.0,46000020411,2
1116,167.0,46000020768,1
1117,167.0,46000022022,15
1118,167.0,46000025411,2
1119,167.0,46000026991,3
1120,167.0,46000028877,7
1121,167.0,46000028907,1
1122,167.0,46000028908,4
1123,167.0,46000028911,5
1124,167.0,46000029060,13
1125,167.0,46000029300,1
1126,167.0,46000029306,6
1127,167.0,46000029309,18
1128,167.0,46000029504,1
1129,167.0,46000055733,1
1130,167.0,46000055832,1
1131,167.0,46000055834,1
1132,167.0,46000055842,1
1133,167.0,46000055923,1
1134,167.0,46000057474,17
1135,167.0,46000059365,1
1136,167.0,46000059701,1
1137,167.0,46000060270,8
1138,167.0,46000060414,8
1139,167.0,46000060727,1
1140,167.0,46000063050,2
1141,167.0,46000063709,3
1142,167.0,46000064443,2
1143,167.0,46000064572,2
1144,167.0,46000064603,1
1145,167.0,46000064878,1
1146,167.0,46000064891,39
1147,167.0,46000065008,1
1148,168.0,46000003990,2
1149,168.0,46000004373,14
1150,168.0,46000004909,5
1151,168.0,46000004910,7
1152,168.0,46000005582,7
1153,168.0,46000005678,4
1154,168.0,46000007582,2
1155,168.0,46000012679,2
1156,168.0,46000013789,3
1157,168.0,46000016509,32
1158,168.0,46000016511,23
1159,168.0,46000016512,23
1160,168.0,46000018073,1
1161,168.0,46000018075,2
1162,168.0,46000018498,21
1163,168.0,46000018499,20
1164,168.0,46000019851,1
1165,168.0,46000020768,1
1166,168.0,46000022022,1
1167,168.0,46000025411,1
1168,168.0,46000028877,1
1169,168.0,46000028908,1
1170,168.0,46000029309,4
1171,168.0,46000057474,1
1172,168.0,46000059701,1
1173,168.0,46000064443,29
1174,168.0,46000064878,1
1175,168.0,46000064891,4
1176,169.0,46000004373,1
1177,169.0,46000016509,2
1178,169.0,46000016511,1
1179,169.0,46000016512,2
1180,169.0,46000018499,2
1181,169.0,46000028908,1
1182,169.0,46000060270,2
1183,169.0,46000064443,4
1184,170.0,28452000000,1
1185,170.0,46000010703,1
1186,170.0,46000018075,1
1187,170.0,46000024761,2
1188,170.0,46000029438,1
1189,170.0,46000055714,14
1190,170.0,46000055812,1
1191,170.0,46000055820,2
1192,170.0,46000055842,11
1193,170.0,46000055863,1
1194,170.0,46000055892,1
1195,170.0,46000055911,1
1196,170.0,46000055914,1
1197,170.0,46000055923,17
1198,170.0,46000063050,9
1199,170.0,46000064401,1
1200,171.0,23527800000,1
1201,171.0,46000007582,1
1202,171.0,46000012679,1
1203,171.0,46000018498,1
1204,171.0,46000018499,1
1205,171.0,46000028995,1
1206,171.0,46000055714,9
1207,171.0,46000055733,2
1208,171.0,46000055768,1
1209,171.0,46000055812,1
1210,171.0,46000055832,1
1211,171.0,46000055842,5
1212,171.0,46000055863,4
1213,171.0,46000055911,1
1214,171.0,46000055923,13
1215,171.0,46000060601,1
1216,171.0,46000063050,17
1217,171.0,46000064878,1
1218,171.0,46000064891,2
1219,172.0,22832300000,2
1220,172.0,26488200000,2
1221,172.0,26490600000,2
1222,172.0,26661900000,1
1223,172.0,28452000000,1
1224,172.0,46000003326,1
1225,172.0,46000005582,4
1226,172.0,46000005678,1
1227,172.0,46000006106,41
1228,172.0,46000007160,1
1229,172.0,46000007161,1
1230,172.0,46000007289,8
1231,172.0,46000007337,1
1232,172.0,46000007356,1
1233,172.0,46000007475,1
1234,172.0,46000008487,4
1235,172.0,46000008982,1
1236,172.0,46000008992,2
1237,172.0,46000011087,1
1238,172.0,46000012696,1
1239,172.0,46000013171,1
1240,172.0,46000015070,4
1241,172.0,46000016104,1
1242,172.0,46000016508,4
1243,172.0,46000016509,3
1244,172.0,46000016511,3
1245,172.0,46000016512,4
1246,172.0,46000018496,3
1247,172.0,46000018498,3
1248,172.0,46000018499,6
1249,172.0,46000018500,2
1250,172.0,46000020411,1
1251,172.0,46000021721,1
1252,172.0,46000021881,19
1253,172.0,46000025413,1
1254,172.0,46000025805,1
1255,172.0,46000028908,1
1256,172.0,46000028909,3
1257,172.0,46000028992,2
1258,172.0,46000028993,1
1259,172.0,46000028995,2
1260,172.0,46000029301,1
1261,172.0,46000029500,6
1262,172.0,46000029505,1
1263,172.0,46000050492,1
1264,172.0,46000055341,1
1265,172.0,46000055715,1
1266,172.0,46000055736,3
1267,172.0,46000055751,3
1268,172.0,46000055765,1
1269,172.0,46000055770,3
1270,172.0,46000055777,1
1271,172.0,46000055794,1
1272,172.0,46000055832,3
1273,172.0,46000055863,3
1274,172.0,46000055881,3
1275,172.0,46000055893,2
1276,172.0,46000055911,11
1277,172.0,46000055932,1
1278,172.0,46000055943,1
1279,172.0,46000057221,1
1280,172.0,46000057474,2
1281,172.0,46000058382,23
1282,172.0,46000058486,1
1283,172.0,46000058735,2
1284,172.0,46000059365,1
1285,172.0,46000059425,1
1286,172.0,46000059670,1
1287,172.0,46000059680,1
1288,172.0,46000059700,16
1289,172.0,46000059704,17
1290,172.0,46000060270,1
1291,172.0,46000060410,1
1292,172.0,46000060414,5
1293,172.0,46000060502,1
1294,172.0,46000060636,1
1295,172.0,46000063711,4
1296,172.0,46000064385,9
1297,172.0,46000064581,1
1298,172.0,46000064603,2
1299,172.0,46000064784,1
1300,172.0,46000064879,1
1301,172.0,46000064881,23
1302,172.0,46000064890,4
1303,172.0,46000064891,2
1304,172.0,46000064940,12
1305,172.0,46000064980,1
1306,172.0,95501,7
1307,173.0,22785600000,7
1308,173.0,26488200000,22
1309,173.0,27254600000,1
1310,173.0,46000005678,1
1311,173.0,46000006106,38
1312,173.0,46000007289,1
1313,173.0,46000007336,4
1314,173.0,46000007337,1
1315,173.0,46000007356,2
1316,173.0,46000007360,3
1317,173.0,46000008373,3
1318,173.0,46000008519,1
1319,173.0,46000008992,28
1320,173.0,46000008996,6
1321,173.0,46000010140,1
1322,173.0,46000011094,40
1323,173.0,46000011487,20
1324,173.0,46000012679,6
1325,173.0,46000015070,209
1326,173.0,46000016104,1
1327,173.0,46000018496,1
1328,173.0,46000018643,1
1329,173.0,46000019140,3
1330,173.0,46000020371,1
1331,173.0,46000020405,15
1332,173.0,46000020407,13
1333,173.0,46000020411,2
1334,173.0,46000021721,1
1335,173.0,46000021881,8
1336,173.0,46000022020,58
1337,173.0,46000022022,3
1338,173.0,46000023220,11
1339,173.0,46000023228,9
1340,173.0,46000024415,69
1341,173.0,46000024561,1
1342,173.0,46000024583,2
1343,173.0,46000024654,33
1344,173.0,46000024762,5
1345,173.0,46000024999,1
1346,173.0,46000025413,19
1347,173.0,46000025805,47
1348,173.0,46000025814,1
1349,173.0,46000026167,4
1350,173.0,46000028877,3
1351,173.0,46000028908,62
1352,173.0,46000028909,58
1353,173.0,46000028962,39
1354,173.0,46000028992,2
1355,173.0,46000029300,48
1356,173.0,46000029301,1
1357,173.0,46000029303,1
1358,173.0,46000029304,1
1359,173.0,46000029305,58
1360,173.0,46000029306,59
1361,173.0,46000029309,3
1362,173.0,46000029439,1
1363,173.0,46000029497,1
1364,173.0,46000029500,74
1365,173.0,46000029505,60
1366,173.0,46000029506,15
1367,173.0,46000050195,3
1368,173.0,46000050492,18
1369,173.0,46000055714,1
1370,173.0,46000055736,1
1371,173.0,46000055751,1
1372,173.0,46000055863,2
1373,173.0,46000055911,2
1374,173.0,46000055913,1
1375,173.0,46000055932,1
1376,173.0,46000055933,1
1377,173.0,46000057221,92
1378,173.0,46000057439,27
1379,173.0,46000057474,125
1380,173.0,46000058382,3
1381,173.0,46000058486,1
1382,173.0,46000059679,36
1383,173.0,46000059680,14
1384,173.0,46000059700,11
1385,173.0,46000059704,7
1386,173.0,46000060011,32
1387,173.0,46000060270,1
1388,173.0,46000060410,18
1389,173.0,46000060414,175
1390,173.0,46000060636,1
1391,173.0,46000060723,1
1392,173.0,46000062679,1
1393,173.0,46000062848,2
1394,173.0,46000063709,5
1395,173.0,46000063711,37
1396,173.0,46000063814,4
1397,173.0,46000063826,11
1398,173.0,46000064385,2
1399,173.0,46000064571,4
1400,173.0,46000064602,6
1401,173.0,46000064603,2
1402,173.0,46000064782,1
1403,173.0,46000064879,5
1404,173.0,46000064881,3
1405,173.0,46000064890,91
1406,173.0,46000064891,35
1407,173.0,46000064940,24
1408,173.0,95503,1
1409,174.0,22832300000,9
1410,174.0,26490600000,2
1411,174.0,27089400000,3
1412,174.0,27254600000,15
1413,174.0,27848700000,8
1414,174.0,28452000000,27
1415,174.0,46000000782,13
1416,174.0,46000003326,11
1417,174.0,46000003328,10
1418,174.0,46000004680,1
1419,174.0,46000005582,1
1420,174.0,46000007114,1
1421,174.0,46000007116,1
1422,174.0,46000007160,4
1423,174.0,46000007161,15
1424,174.0,46000007288,1
1425,174.0,46000007289,1
1426,174.0,46000007334,6
1427,174.0,46000007336,2
1428,174.0,46000007337,14
1429,174.0,46000007338,10
1430,174.0,46000007360,23
1431,174.0,46000007475,15
1432,174.0,46000008487,15
1433,174.0,46000008985,1
1434,174.0,46000011087,18
1435,174.0,46000011094,1
1436,174.0,46000011889,8
1437,174.0,46000012696,5
1438,174.0,46000013171,11
1439,174.0,46000014320,3
1440,174.0,46000015070,6
1441,174.0,46000016104,3
1442,174.0,46000016508,1
1443,174.0,46000016509,1
1444,174.0,46000016511,1
1445,174.0,46000016512,1
1446,174.0,46000018498,1
1447,174.0,46000018499,1
1448,174.0,46000018500,1
1449,174.0,46000020373,1
1450,174.0,46000021721,12
1451,174.0,46000022020,2
1452,174.0,46000025411,1
1453,174.0,46000025805,4
1454,174.0,46000027328,2
1455,174.0,46000028876,2
1456,174.0,46000028906,13
1457,174.0,46000028908,1
1458,174.0,46000028909,2
1459,174.0,46000028992,11
1460,174.0,46000028993,17
1461,174.0,46000028994,4
1462,174.0,46000028995,15
1463,174.0,46000028996,10
1464,174.0,46000029435,1
1465,174.0,46000029438,5
1466,174.0,46000029500,1
1467,174.0,46000029845,16
1468,174.0,46000029846,1
1469,174.0,46000055340,1
1470,174.0,46000055341,4
1471,174.0,46000055714,13
1472,174.0,46000055715,2
1473,174.0,46000055736,14
1474,174.0,46000055738,3
1475,174.0,46000055751,22
1476,174.0,46000055770,5
1477,174.0,46000055772,11
1478,174.0,46000055775,3
1479,174.0,46000055777,1
1480,174.0,46000055794,2
1481,174.0,46000055825,2
1482,174.0,46000055832,24
1483,174.0,46000055863,44
1484,174.0,46000055881,12
1485,174.0,46000055893,2
1486,174.0,46000055911,4
1487,174.0,46000055923,5
1488,174.0,46000055932,16
1489,174.0,46000055933,6
1490,174.0,46000055943,6
1491,174.0,46000057221,2
1492,174.0,46000057669,1
1493,174.0,46000058346,1
1494,174.0,46000058366,2
1495,174.0,46000058382,2
1496,174.0,46000058486,1
1497,174.0,46000058735,16
1498,174.0,46000059365,5
1499,174.0,46000059425,2
1500,174.0,46000059670,7
1501,174.0,46000059679,1
1502,174.0,46000060414,2
1503,174.0,46000060636,17
1504,174.0,46000063709,1
1505,174.0,46000063907,20
1506,174.0,46000064462,1
1507,174.0,46000064576,1
1508,174.0,46000064581,1
1509,174.0,46000064603,14
1510,174.0,46000064782,1
1511,174.0,46000064783,1
1512,174.0,46000064785,6
1513,174.0,46000064890,4
1514,174.0,46000064940,2
1515,174.0,48000037962,2
1516,175.0,22832300000,1
1517,175.0,24249500000,2
1518,175.0,26485200000,1
1519,175.0,27089400000,7
1520,175.0,27254600000,6
1521,175.0,27848700000,1
1522,175.0,28452000000,26
1523,175.0,46000000782,5
1524,175.0,46000003326,5
1525,175.0,46000003328,2
1526,175.0,46000007116,14
1527,175.0,46000007160,4
1528,175.0,46000007161,4
1529,175.0,46000007288,1
1530,175.0,46000007334,8
1531,175.0,46000007335,6
1532,175.0,46000007336,1
1533,175.0,46000007337,12
1534,175.0,46000007338,6
1535,175.0,46000007356,1
1536,175.0,46000007360,8
1537,175.0,46000007475,2
1538,175.0,46000008487,24
1539,175.0,46000008985,4
1540,175.0,46000011087,5
1541,175.0,46000011094,1
1542,175.0,46000011889,2
1543,175.0,46000012679,1
1544,175.0,46000012696,10
1545,175.0,46000013171,6
1546,175.0,46000014320,1
1547,175.0,46000015070,13
1548,175.0,46000016104,19
1549,175.0,46000021721,5
1550,175.0,46000021989,2
1551,175.0,46000022022,1
1552,175.0,46000024415,1
1553,175.0,46000024762,1
1554,175.0,46000025805,1
1555,175.0,46000027328,7
1556,175.0,46000028906,6
1557,175.0,46000028908,4
1558,175.0,46000028909,3
1559,175.0,46000028962,1
1560,175.0,46000028979,3
1561,175.0,46000028992,5
1562,175.0,46000028993,6
1563,175.0,46000028994,7
1564,175.0,46000028995,11
1565,175.0,46000028996,11
1566,175.0,46000029300,4
1567,175.0,46000029305,3
1568,175.0,46000029438,1
1569,175.0,46000029498,1
1570,175.0,46000029500,1
1571,175.0,46000029845,3
1572,175.0,46000029846,1
1573,175.0,46000055341,4
1574,175.0,46000055714,9
1575,175.0,46000055736,11
1576,175.0,46000055738,1
1577,175.0,46000055751,8
1578,175.0,46000055765,32
1579,175.0,46000055770,15
1580,175.0,46000055772,8
1581,175.0,46000055775,22
1582,175.0,46000055777,20
1583,175.0,46000055794,24
1584,175.0,46000055820,21
1585,175.0,46000055825,8
1586,175.0,46000055832,10
1587,175.0,46000055863,11
1588,175.0,46000055881,18
1589,175.0,46000055893,16
1590,175.0,46000055911,15
1591,175.0,46000055913,9
1592,175.0,46000055917,1
1593,175.0,46000055923,9
1594,175.0,46000055932,4
1595,175.0,46000055943,10
1596,175.0,46000057221,3
1597,175.0,46000057474,6
1598,175.0,46000057669,1
1599,175.0,46000058346,1
1600,175.0,46000058382,1
1601,175.0,46000058486,3
1602,175.0,46000058734,1
1603,175.0,46000058735,6
1604,175.0,46000059365,3
1605,175.0,46000059425,4
1606,175.0,46000059670,5
1607,175.0,46000059671,1
1608,175.0,46000059679,1
1609,175.0,46000059680,1
1610,175.0,46000060011,1
1611,175.0,46000060414,15
1612,175.0,46000060636,17
1613,175.0,46000060637,1
1614,175.0,46000060719,1
1615,175.0,46000063711,2
1616,175.0,46000063907,4
1617,175.0,46000064385,1
1618,175.0,46000064462,2
1619,175.0,46000064480,9
1620,175.0,46000064576,5
1621,175.0,46000064581,3
1622,175.0,46000064602,1
1623,175.0,46000064603,5
1624,175.0,46000064783,5
1625,175.0,46000064890,3
1626,175.0,46000064891,4
1627,175.0,48000004697,1
1628,176.0,22785600000,1
1629,176.0,26488200000,1
1630,176.0,26661900000,2
1631,176.0,28452000000,1
1632,176.0,46000003328,1
1633,176.0,46000007116,1
1634,176.0,46000007288,1
1635,176.0,46000007356,3
1636,176.0,46000007360,3
1637,176.0,46000007685,1
1638,176.0,46000008487,1
1639,176.0,46000011087,1
1640,176.0,46000015070,10
1641,176.0,46000016508,1
1642,176.0,46000016509,1
1643,176.0,46000016511,1
1644,176.0,46000017413,1
1645,176.0,46000018499,1
1646,176.0,46000020371,2
1647,176.0,46000024654,1
1648,176.0,46000025410,2
1649,176.0,46000025411,3
1650,176.0,46000026985,1
1651,176.0,46000026987,1
1652,176.0,46000026993,1
1653,176.0,46000028907,1
1654,176.0,46000028910,1
1655,176.0,46000028911,1
1656,176.0,46000028979,2
1657,176.0,46000028980,1
1658,176.0,46000029434,1
1659,176.0,46000050492,1
1660,176.0,46000055770,1
1661,176.0,46000055775,1
1662,176.0,46000055863,2
1663,176.0,46000055917,1
1664,176.0,46000055933,1
1665,176.0,46000057364,2
1666,176.0,46000057439,3
1667,176.0,46000057474,3
1668,176.0,46000057583,1
1669,176.0,46000058366,5
1670,176.0,46000058382,3
1671,176.0,46000058735,1
1672,176.0,46000059427,1
1673,176.0,46000060414,6
1674,176.0,46000060637,1
1675,176.0,46000062848,1
1676,176.0,46000063709,1
1677,176.0,46000064386,2
1678,176.0,46000064399,1
1679,176.0,46000064401,1
1680,176.0,46000064571,1
1681,176.0,46000064603,1
1682,176.0,46000064784,2
1683,176.0,46000064879,1
1684,176.0,46000064890,1
1685,176.0,46000064891,2
1686,176.0,46000064940,1
1687,177.0,24249500000,2
1688,177.0,26661900000,1
1689,177.0,27089400000,1
1690,177.0,28452000000,3
1691,177.0,46000003326,1
1692,177.0,46000005582,1
1693,177.0,46000005678,3
1694,177.0,46000007116,1
1695,177.0,46000007338,1
1696,177.0,46000007356,6
1697,177.0,46000008373,2
1698,177.0,46000013171,1
1699,177.0,46000015070,19
1700,177.0,46000016511,1
1701,177.0,46000018496,1
1702,177.0,46000018499,1
1703,177.0,46000020371,5
1704,177.0,46000020405,1
1705,177.0,46000020867,5
1706,177.0,46000021416,1
1707,177.0,46000023228,2
1708,177.0,46000024571,2
1709,177.0,46000024580,1
1710,177.0,46000025411,14
1711,177.0,46000026987,1
1712,177.0,46000026991,2
1713,177.0,46000027416,2
1714,177.0,46000028911,6
1715,177.0,46000028962,3
1716,177.0,46000028980,1
1717,177.0,46000029299,1
1718,177.0,46000029300,2
1719,177.0,46000029497,1
1720,177.0,46000029506,1
1721,177.0,46000029845,1
1722,177.0,46000055742,1
1723,177.0,46000055775,2
1724,177.0,46000055777,1
1725,177.0,46000055794,1
1726,177.0,46000055820,1
1727,177.0,46000055825,1
1728,177.0,46000055832,1
1729,177.0,46000055863,1
1730,177.0,46000055881,2
1731,177.0,46000055917,1
1732,177.0,46000055932,1
1733,177.0,46000055943,1
1734,177.0,46000057364,7
1735,177.0,46000057439,4
1736,177.0,46000057474,5
1737,177.0,46000057583,12
1738,177.0,46000058346,1
1739,177.0,46000058366,7
1740,177.0,46000058382,4
1741,177.0,46000058735,1
1742,177.0,46000059425,1
1743,177.0,46000059427,1
1744,177.0,46000059666,1
1745,177.0,46000059670,1
1746,177.0,46000059671,1
1747,177.0,46000059679,1
1748,177.0,46000060011,1
1749,177.0,46000060414,16
1750,177.0,46000060636,1
1751,177.0,46000060637,1
1752,177.0,46000063709,4
1753,177.0,46000063821,1
1754,177.0,46000064385,1
1755,177.0,46000064386,1
1756,177.0,46000064571,1
1757,177.0,46000064602,2
1758,177.0,46000064890,3
1759,177.0,46000064891,14
1760,178.0,24249500000,1
1761,178.0,27089400000,1
1762,178.0,46000000782,1
1763,178.0,46000003328,2
1764,178.0,46000005678,2
1765,178.0,46000006971,2
1766,178.0,46000007160,2
1767,178.0,46000007356,5
1768,178.0,46000008996,3
1769,178.0,46000014320,3
1770,178.0,46000014704,1
1771,178.0,46000014728,1
1772,178.0,46000015070,14
1773,178.0,46000015649,1
1774,178.0,46000016508,1
1775,178.0,46000018399,1
1776,178.0,46000018496,1
1777,178.0,46000019792,3
1778,178.0,46000020370,1
1779,178.0,46000020371,1
1780,178.0,46000020867,1
1781,178.0,46000021416,1
1782,178.0,46000021989,1
1783,178.0,46000024654,5
1784,178.0,46000025410,1
1785,178.0,46000026987,5
1786,178.0,46000026991,1
1787,178.0,46000026995,1
1788,178.0,46000028876,2
1789,178.0,46000028906,1
1790,178.0,46000028911,1
1791,178.0,46000028962,3
1792,178.0,46000029434,1
1793,178.0,46000029438,2
1794,178.0,46000050492,5
1795,178.0,46000055742,1
1796,178.0,46000055777,1
1797,178.0,46000055820,1
1798,178.0,46000055825,1
1799,178.0,46000055832,2
1800,178.0,46000055863,1
1801,178.0,46000055881,1
1802,178.0,46000056506,1
1803,178.0,46000057364,5
1804,178.0,46000057439,10
1805,178.0,46000057474,8
1806,178.0,46000057583,1
1807,178.0,46000058346,2
1808,178.0,46000058366,3
1809,178.0,46000058382,1
1810,178.0,46000059670,1
1811,178.0,46000059679,5
1812,178.0,46000060011,10
1813,178.0,46000060414,6
1814,178.0,46000062848,5
1815,178.0,46000063709,1
1816,178.0,46000063814,1
1817,178.0,46000063819,1
1818,178.0,46000063821,6
1819,178.0,46000063908,2
1820,178.0,46000064385,1
1821,178.0,46000064386,2
1822,178.0,46000064396,1
1823,178.0,46000064571,3
1824,178.0,46000064603,2
1825,178.0,46000064658,1
1826,178.0,46000064782,1
1827,178.0,46000064783,1
1828,178.0,46000064784,4
1829,178.0,46000064785,1
1830,178.0,46000064891,5
1831,178.0,46000064940,10
1832,179.0,46000000782,2
1833,179.0,46000003326,2
1834,179.0,46000003328,3
1835,179.0,46000005678,1
1836,179.0,46000007356,6
1837,179.0,46000007360,1
1838,179.0,46000008996,9
1839,179.0,46000013171,1
1840,179.0,46000014704,1
1841,179.0,46000015070,3
1842,179.0,46000016508,1
1843,179.0,46000018399,1
1844,179.0,46000020370,2
1845,179.0,46000020371,2
1846,179.0,46000020867,2
1847,179.0,46000021989,2
1848,179.0,46000023228,2
1849,179.0,46000024571,4
1850,179.0,46000024654,7
1851,179.0,46000025168,1
1852,179.0,46000025411,4
1853,179.0,46000026167,1
1854,179.0,46000028876,1
1855,179.0,46000028906,1
1856,179.0,46000028907,1
1857,179.0,46000028962,3
1858,179.0,46000028992,1
1859,179.0,46000028993,1
1860,179.0,46000028994,1
1861,179.0,46000028996,1
1862,179.0,46000029060,2
1863,179.0,46000029434,1
1864,179.0,46000029438,2
1865,179.0,46000029497,3
1866,179.0,46000050492,8
1867,179.0,46000055720,1
1868,179.0,46000055751,2
1869,179.0,46000055777,1
1870,179.0,46000055794,1
1871,179.0,46000055881,1
1872,179.0,46000057364,3
1873,179.0,46000057439,2
1874,179.0,46000057474,8
1875,179.0,46000057583,6
1876,179.0,46000058346,1
1877,179.0,46000058366,2
1878,179.0,46000058382,2
1879,179.0,46000059670,1
1880,179.0,46000059679,6
1881,179.0,46000060011,12
1882,179.0,46000060414,5
1883,179.0,46000060502,1
1884,179.0,46000062848,8
1885,179.0,46000063709,1
1886,179.0,46000063711,1
1887,179.0,46000063814,1
1888,179.0,46000063821,10
1889,179.0,46000063908,2
1890,179.0,46000064385,4
1891,179.0,46000064395,1
1892,179.0,46000064401,1
1893,179.0,46000064571,2
1894,179.0,46000064603,1
1895,179.0,46000064658,3
1896,179.0,46000064782,2
1897,179.0,46000064784,5
1898,179.0,46000064891,4
1899,179.0,46000064940,12
1900,180.0,26661900000,2
1901,180.0,28452000000,12
1902,180.0,46000000782,1
1903,180.0,46000005678,1
1904,180.0,46000007160,1
1905,180.0,46000007337,4
1906,180.0,46000007685,1
1907,180.0,46000008373,1
1908,180.0,46000008487,7
1909,180.0,46000011087,1
1910,180.0,46000013171,4
1911,180.0,46000014320,1
1912,180.0,46000016104,4
1913,180.0,46000016508,1
1914,180.0,46000016512,1
1915,180.0,46000019783,1
1916,180.0,46000019792,1
1917,180.0,46000020371,1
1918,180.0,46000020867,1
1919,180.0,46000021989,1
1920,180.0,46000023228,2
1921,180.0,46000025410,3
1922,180.0,46000025411,1
1923,180.0,46000026989,1
1924,180.0,46000027003,1
1925,180.0,46000028876,1
1926,180.0,46000029439,1
1927,180.0,46000029948,1
1928,180.0,46000050492,1
1929,180.0,46000055714,6
1930,180.0,46000055715,2
1931,180.0,46000055736,1
1932,180.0,46000055738,1
1933,180.0,46000055751,2
1934,180.0,46000055770,1
1935,180.0,46000055772,5
1936,180.0,46000055820,1
1937,180.0,46000055832,4
1938,180.0,46000055863,1
1939,180.0,46000055881,1
1940,180.0,46000058346,2
1941,180.0,46000059670,3
1942,180.0,46000060011,1
1943,180.0,46000064399,1
1944,180.0,46000064571,1
1945,180.0,46000064782,1
1946,180.0,46000064785,1
1947,181.0,26661900000,4
1948,181.0,46000000782,1
1949,181.0,46000003326,1
1950,181.0,46000003328,1
1951,181.0,46000005678,1
1952,181.0,46000006971,1
1953,181.0,46000007334,1
1954,181.0,46000007337,3
1955,181.0,46000007360,1
1956,181.0,46000008487,2
1957,181.0,46000013171,4
1958,181.0,46000015070,1
1959,181.0,46000018399,1
1960,181.0,46000019783,2
1961,181.0,46000020867,1
1962,181.0,46000021989,1
1963,181.0,46000024077,9
1964,181.0,46000025168,1
1965,181.0,46000025410,1
1966,181.0,46000026987,2
1967,181.0,46000028906,1
1968,181.0,46000028992,10
1969,181.0,46000028993,7
1970,181.0,46000028994,8
1971,181.0,46000028995,8
1972,181.0,46000028996,6
1973,181.0,46000029434,1
1974,181.0,46000029846,1
1975,181.0,46000055340,2
1976,181.0,46000055736,9
1977,181.0,46000055751,6
1978,181.0,46000055775,6
1979,181.0,46000055777,7
1980,181.0,46000055825,6
1981,181.0,46000055832,9
1982,181.0,46000055881,5
1983,181.0,46000055917,1
1984,181.0,46000055943,5
1985,181.0,46000057364,1
1986,181.0,46000057474,1
1987,181.0,46000058735,1
1988,181.0,46000059670,1
1989,181.0,46000064399,1
1990,181.0,46000064401,1
1991,181.0,46000064571,3
1992,181.0,46000064785,3
1993,182.0,27089400000,1
1994,182.0,28452000000,1
1995,182.0,46000005582,1
1996,182.0,46000007116,3
1997,182.0,46000007288,4
1998,182.0,46000007338,1
1999,182.0,46000007356,2
2000,182.0,46000008373,1
2001,182.0,46000008487,1
2002,182.0,46000014704,1
2003,182.0,46000015070,1
2004,182.0,46000016508,1
2005,182.0,46000016511,1
2006,182.0,46000018496,1
2007,182.0,46000019783,1
2008,182.0,46000024762,1
2009,182.0,46000025410,1
2010,182.0,46000025411,1
2011,182.0,46000026991,2
2012,182.0,46000026995,1
2013,182.0,46000027003,1
2014,182.0,46000028994,2
2015,182.0,46000028996,1
2016,182.0,46000055738,1
2017,182.0,46000055742,1
2018,182.0,46000055772,1
2019,182.0,46000055794,4
2020,182.0,46000055820,4
2021,182.0,46000055825,1
2022,182.0,46000055893,4
2023,182.0,46000055917,2
2024,182.0,46000057364,1
2025,182.0,46000057439,1
2026,182.0,46000057474,2
2027,182.0,46000057583,1
2028,182.0,46000058366,1
2029,182.0,46000058735,2
2030,182.0,46000059427,3
2031,182.0,46000060011,1
2032,182.0,46000060414,2
2033,182.0,46000060636,2
2034,182.0,46000060637,3
2035,182.0,46000063908,2
2036,182.0,46000064385,1
2037,182.0,46000064571,2
2038,182.0,46000064783,4
2039,182.0,46000064891,1
2040,183.0,22785600000,1
2041,183.0,24249500000,5
2042,183.0,26661900000,1
2043,183.0,27089400000,6
2044,183.0,46000007116,4
2045,183.0,46000007288,4
2046,183.0,46000007338,6
2047,183.0,46000008060,1
2048,183.0,46000008996,1
2049,183.0,46000013789,1
2050,183.0,46000015070,5
2051,183.0,46000019783,1
2052,183.0,46000021416,8
2053,183.0,46000025410,2
2054,183.0,46000026987,2
2055,183.0,46000028962,1
2056,183.0,46000029845,7
2057,183.0,46000055742,7
2058,183.0,46000055777,1
2059,183.0,46000055794,3
2060,183.0,46000055820,6
2061,183.0,46000055893,6
2062,183.0,46000055917,4
2063,183.0,46000056506,7
2064,183.0,46000057439,1
2065,183.0,46000057474,1
2066,183.0,46000057583,1
2067,183.0,46000058366,1
2068,183.0,46000058735,5
2069,183.0,46000059425,7
2070,183.0,46000059427,4
2071,183.0,46000059666,9
2072,183.0,46000059671,7
2073,183.0,46000060011,7
2074,183.0,46000060414,2
2075,183.0,46000060636,7
2076,183.0,46000060637,3
2077,183.0,46000064386,1
2078,183.0,46000064395,7
2079,183.0,46000064396,7
2080,183.0,46000064401,1
2081,183.0,46000064480,1
2082,183.0,46000064783,4
2083,183.0,46000064891,1
2084,183.0,48000004697,1
2085,184.0,22785600000,1
2086,184.0,26661900000,2
2087,184.0,46000000782,4
2088,184.0,46000003328,3
2089,184.0,46000005678,4
2090,184.0,46000006106,1
2091,184.0,46000006971,4
2092,184.0,46000007115,1
2093,184.0,46000007160,5
2094,184.0,46000007360,1
2095,184.0,46000008373,1
2096,184.0,46000014320,5
2097,184.0,46000015070,1
2098,184.0,46000018399,6
2099,184.0,46000019792,3
2100,184.0,46000020370,1
2101,184.0,46000020371,3
2102,184.0,46000020867,2
2103,184.0,46000021989,4
2104,184.0,46000025168,1
2105,184.0,46000025410,6
2106,184.0,46000026987,4
2107,184.0,46000027416,2
2108,184.0,46000028876,1
2109,184.0,46000028906,4
2110,184.0,46000028962,2
2111,184.0,46000028980,1
2112,184.0,46000029434,5
2113,184.0,46000029438,3
2114,184.0,46000029439,1
2115,184.0,46000029440,1
2116,184.0,46000055714,1
2117,184.0,46000055932,1
2118,184.0,46000057474,1
2119,184.0,46000058346,1
2120,184.0,46000059670,1
2121,184.0,46000063908,4
2122,184.0,46000064399,4
2123,184.0,46000064401,7
2124,184.0,46000064571,4
2125,184.0,46000064603,3
2126,184.0,46000064658,4
2127,184.0,46000064782,5
2128,184.0,46000064890,1
2129,184.0,46000064906,1
2130,185.0,26661900000,3
2131,185.0,46000000782,1
2132,185.0,46000003328,5
2133,185.0,46000005678,6
2134,185.0,46000007160,1
2135,185.0,46000007337,1
2136,185.0,46000008373,1
2137,185.0,46000014320,2
2138,185.0,46000018399,1
2139,185.0,46000019792,2
2140,185.0,46000020370,3
2141,185.0,46000020371,2
2142,185.0,46000020411,1
2143,185.0,46000020867,2
2144,185.0,46000021989,4
2145,185.0,46000023228,2
2146,185.0,46000025168,4
2147,185.0,46000025410,7
2148,185.0,46000026987,4
2149,185.0,46000026991,1
2150,185.0,46000026995,3
2151,185.0,46000027416,2
2152,185.0,46000028876,3
2153,185.0,46000028906,1
2154,185.0,46000028962,3
2155,185.0,46000028964,1
2156,185.0,46000028980,2
2157,185.0,46000028996,1
2158,185.0,46000029434,1
2159,185.0,46000029435,1
2160,185.0,46000029436,2
2161,185.0,46000029439,1
2162,185.0,46000029440,2
2163,185.0,46000055340,2
2164,185.0,46000055923,1
2165,185.0,46000058346,2
2166,185.0,46000063709,3
2167,185.0,46000063908,1
2168,185.0,46000064399,1
2169,185.0,46000064400,1
2170,185.0,46000064401,3
2171,185.0,46000064571,6
2172,185.0,46000064603,1
2173,185.0,46000064658,1
2174,185.0,46000064890,3
2175,185.0,46000064906,1
2176,185.0,46000064940,1
2177,186.0,46000007360,2
2178,186.0,46000008996,1
2179,186.0,46000026989,2
2180,186.0,46000028962,1
2181,186.0,46000055863,6
2182,186.0,46000055933,3
2183,186.0,46000064401,2
2184,187.0,46000020411,1
2185,187.0,46000029436,1
2186,187.0,46000064658,1
2187,188.0,28452000000,3
2188,188.0,46000000782,1
2189,188.0,46000006971,1
2190,188.0,46000007160,1
2191,188.0,46000007337,2
2192,188.0,46000007360,11
2193,188.0,46000008487,2
2194,188.0,46000008996,1
2195,188.0,46000011889,1
2196,188.0,46000013171,1
2197,188.0,46000014320,2
2198,188.0,46000018643,1
2199,188.0,46000019792,2
2200,188.0,46000021989,1
2201,188.0,46000028876,4
2202,188.0,46000028906,3
2203,188.0,46000028992,1
2204,188.0,46000028993,1
2205,188.0,46000028995,1
2206,188.0,46000029434,3
2207,188.0,46000029436,1
2208,188.0,46000055736,2
2209,188.0,46000055832,1
2210,188.0,46000055863,3
2211,188.0,46000055932,1
2212,188.0,46000055933,6
2213,188.0,46000056506,2
2214,188.0,46000063908,1
2215,188.0,46000064386,2
2216,188.0,46000064550,1
2217,188.0,46000064658,1
2218,188.0,46000064782,3
2219,189.0,24249500000,4
2220,189.0,27089400000,3
2221,189.0,28452000000,6
2222,189.0,46000000782,2
2223,189.0,46000003326,4
2224,189.0,46000003328,4
2225,189.0,46000005955,1
2226,189.0,46000006971,3
2227,189.0,46000007116,4
2228,189.0,46000007160,5
2229,189.0,46000007288,4
2230,189.0,46000007337,4
2231,189.0,46000007338,4
2232,189.0,46000007360,2
2233,189.0,46000008487,5
2234,189.0,46000013171,4
2235,189.0,46000014320,3
2236,189.0,46000016104,3
2237,189.0,46000018399,2
2238,189.0,46000019792,5
2239,189.0,46000021416,4
2240,189.0,46000021989,5
2241,189.0,46000024077,5
2242,189.0,46000025168,1
2243,189.0,46000025412,1
2244,189.0,46000028876,3
2245,189.0,46000028906,2
2246,189.0,46000028992,4
2247,189.0,46000028993,4
2248,189.0,46000028994,6
2249,189.0,46000028995,5
2250,189.0,46000028996,3
2251,189.0,46000029434,2
2252,189.0,46000029436,3
2253,189.0,46000029438,2
2254,189.0,46000029845,3
2255,189.0,46000029948,1
2256,189.0,46000055714,5
2257,189.0,46000055736,4
2258,189.0,46000055742,4
2259,189.0,46000055751,4
2260,189.0,46000055770,2
2261,189.0,46000055772,2
2262,189.0,46000055775,3
2263,189.0,46000055777,3
2264,189.0,46000055794,5
2265,189.0,46000055820,3
2266,189.0,46000055825,4
2267,189.0,46000055832,4
2268,189.0,46000055863,8
2269,189.0,46000055881,4
2270,189.0,46000055893,5
2271,189.0,46000055917,6
2272,189.0,46000055933,4
2273,189.0,46000055943,2
2274,189.0,46000056506,4
2275,189.0,46000058346,5
2276,189.0,46000058735,3
2277,189.0,46000059425,3
2278,189.0,46000059427,3
2279,189.0,46000059666,2
2280,189.0,46000059670,3
2281,189.0,46000059671,4
2282,189.0,46000060011,4
2283,189.0,46000060636,4
2284,189.0,46000060637,5
2285,189.0,46000063908,2
2286,189.0,46000064395,4
2287,189.0,46000064396,4
2288,189.0,46000064399,4
2289,189.0,46000064401,2
2290,189.0,46000064480,1
2291,189.0,46000064658,2
2292,189.0,46000064782,2
2293,189.0,46000064783,2
2294,189.0,46000064906,1
2295,190.0,46000006971,1
2296,190.0,46000007360,3
2297,190.0,46000019792,1
2298,190.0,46000028876,2
2299,190.0,46000055714,1
2300,190.0,46000055863,1
2301,190.0,46000055932,1
2302,190.0,46000055933,1
2303,190.0,46000058735,1
2304,190.0,46000060636,1
2305,190.0,46000064386,1
2306,190.0,46000064782,1
2307,191.0,24249500000,2
2308,191.0,28452000000,2
2309,191.0,46000003326,2
2310,191.0,46000007116,2
2311,191.0,46000007288,2
2312,191.0,46000007334,1
2313,191.0,46000007337,2
2314,191.0,46000007338,3
2315,191.0,46000007360,1
2316,191.0,46000008487,3
2317,191.0,46000013171,2
2318,191.0,46000014320,1
2319,191.0,46000021416,2
2320,191.0,46000021989,1
2321,191.0,46000024077,2
2322,191.0,46000025168,1
2323,191.0,46000028979,1
2324,191.0,46000028993,2
2325,191.0,46000028994,2
2326,191.0,46000028995,3
2327,191.0,46000029434,1
2328,191.0,46000029438,1
2329,191.0,46000029845,2
2330,191.0,46000055714,2
2331,191.0,46000055736,2
2332,191.0,46000055742,2
2333,191.0,46000055751,3
2334,191.0,46000055772,1
2335,191.0,46000055775,1
2336,191.0,46000055777,4
2337,191.0,46000055794,2
2338,191.0,46000055820,1
2339,191.0,46000055825,1
2340,191.0,46000055832,2
2341,191.0,46000055863,2
2342,191.0,46000055881,3
2343,191.0,46000055893,1
2344,191.0,46000055917,3
2345,191.0,46000055943,2
2346,191.0,46000056506,2
2347,191.0,46000058735,3
2348,191.0,46000059425,3
2349,191.0,46000059427,2
2350,191.0,46000059666,2
2351,191.0,46000059670,3
2352,191.0,46000059671,3
2353,191.0,46000060636,3
2354,191.0,46000060637,2
2355,191.0,46000063908,1
2356,191.0,46000064395,3
2357,191.0,46000064396,3
2358,191.0,46000064401,1
2359,191.0,46000064581,1
2360,191.0,46000064783,2
2361,191.0,46000064785,1
2362,192.0,46000004373,3
2363,192.0,46000005582,6
2364,192.0,46000013789,3
2365,192.0,46000016508,14
2366,192.0,46000016509,4
2367,192.0,46000016511,12
2368,192.0,46000016512,6
2369,192.0,46000018496,6
2370,192.0,46000018498,5
2371,192.0,46000018499,5
2372,192.0,46000064443,1
2373,193.0,46000004373,1
2374,193.0,46000013789,2
2375,193.0,46000016508,1
2376,193.0,46000016509,2
2377,193.0,46000016511,4
2378,193.0,46000016512,4
2379,193.0,46000018496,1
2380,193.0,46000018498,1
2381,193.0,46000018499,2
2382,194.0,28452000000,2
2383,194.0,29952300000,3
2384,194.0,46000007116,1
2385,194.0,46000007288,1
2386,194.0,46000007582,6
2387,194.0,46000008433,19
2388,194.0,46000008434,1
2389,194.0,46000011734,1
2390,194.0,46000015892,1
2391,194.0,46000016160,12
2392,194.0,46000021384,2
2393,194.0,46000024561,4
2394,194.0,46000024761,1
2395,194.0,46000028908,6
2396,194.0,46000028909,24
2397,194.0,46000028962,2
2398,194.0,46000029300,8
2399,194.0,46000029305,7
2400,194.0,46000029309,1
2401,194.0,46000050193,1
2402,194.0,46000050194,1
2403,194.0,46000055715,1
2404,194.0,46000055751,1
2405,194.0,46000055768,1
2406,194.0,46000055832,1
2407,194.0,46000055843,2
2408,194.0,46000055854,2
2409,194.0,46000055863,6
2410,194.0,46000055934,2
2411,194.0,46000055935,3
2412,194.0,46000057364,9
2413,194.0,46000057439,14
2414,194.0,46000057474,14
2415,194.0,46000057583,9
2416,194.0,46000059679,4
2417,194.0,46000059680,3
2418,194.0,46000059700,3
2419,194.0,46000060011,12
2420,194.0,46000060268,1
2421,194.0,46000060270,1
2422,194.0,46000060410,4
2423,194.0,46000060414,16
2424,194.0,46000060718,6
2425,194.0,46000062681,2
2426,194.0,46000063709,1
2427,194.0,46000063710,1
2428,194.0,46000063816,1
2429,194.0,46000063826,1
2430,194.0,46000064396,1
2431,194.0,46000064578,11
2432,194.0,46000064784,2
2433,194.0,46000064878,3
2434,194.0,46000064881,31
2435,194.0,46000064891,10
2436,194.0,46000064903,1
2437,194.0,46000064940,4
2438,194.0,46000064980,13
2439,194.0,46000065008,1
2440,195.0,27470100000,1
2441,195.0,28452000000,3
2442,195.0,46000007582,37
2443,195.0,46000008487,1
2444,195.0,46000010550,1
2445,195.0,46000016160,1
2446,195.0,46000021381,1
2447,195.0,46000021385,1
2448,195.0,46000028909,1
2449,195.0,46000029309,1
2450,195.0,46000055715,2
2451,195.0,46000055768,1
2452,195.0,46000055843,1
2453,195.0,46000055863,22
2454,195.0,46000055913,1
2455,195.0,46000055934,2
2456,195.0,46000055935,5
2457,195.0,46000057439,1
2458,195.0,46000057583,2
2459,195.0,46000060011,12
2460,195.0,46000060413,1
2461,195.0,46000060414,3
2462,195.0,46000063709,3
2463,195.0,46000063710,2
2464,195.0,46000064395,1
2465,195.0,46000064396,2
2466,195.0,46000064578,3
2467,195.0,46000064878,10
2468,195.0,46000064881,1
2469,195.0,46000064891,3
2470,195.0,46000064980,3
2471,195.0,48000009810,2
2472,196.0,28452000000,27
2473,196.0,46000007582,11
2474,196.0,46000028909,5
2475,196.0,46000028962,1
2476,196.0,46000055715,28
2477,196.0,46000055751,1
2478,196.0,46000055843,1
2479,196.0,46000055854,1
2480,196.0,46000055863,32
2481,196.0,46000055934,26
2482,196.0,46000055935,27
2483,196.0,46000057364,1
2484,196.0,46000058489,1
2485,196.0,46000060011,3
2486,196.0,46000063709,1
2487,196.0,46000064578,3
2488,196.0,46000064878,4
2489,196.0,46000064940,1
2490,196.0,46000064980,6
2491,196.0,48000009810,1
2492,197.0,26139600000,1
2493,197.0,27470100000,2
2494,197.0,28452000000,1
2495,197.0,29952300000,2
2496,197.0,46000007116,2
2497,197.0,46000007288,2
2498,197.0,46000007335,4
2499,197.0,46000007560,27
2500,197.0,46000007582,3
2501,197.0,46000008433,5
2502,197.0,46000008434,18
2503,197.0,46000008487,1
2504,197.0,46000008652,1
2505,197.0,46000010550,1
2506,197.0,46000011734,1
2507,197.0,46000012696,3
2508,197.0,46000016160,39
2509,197.0,46000021381,6
2510,197.0,46000024561,12
2511,197.0,46000024761,1
2512,197.0,46000024765,1
2513,197.0,46000028908,22
2514,197.0,46000028909,2
2515,197.0,46000028962,5
2516,197.0,46000029300,30
2517,197.0,46000029305,43
2518,197.0,46000029309,15
2519,197.0,46000050193,9
2520,197.0,46000050194,10
2521,197.0,46000050195,8
2522,197.0,46000055715,2
2523,197.0,46000055768,1
2524,197.0,46000055773,3
2525,197.0,46000055775,1
2526,197.0,46000055808,1
2527,197.0,46000055827,2
2528,197.0,46000055832,1
2529,197.0,46000055836,4
2530,197.0,46000055877,1
2531,197.0,46000055903,3
2532,197.0,46000055930,1
2533,197.0,46000055934,2
2534,197.0,46000055935,2
2535,197.0,46000055938,1
2536,197.0,46000056503,1
2537,197.0,46000057364,37
2538,197.0,46000057439,49
2539,197.0,46000057474,49
2540,197.0,46000057583,10
2541,197.0,46000057614,2
2542,197.0,46000058489,2
2543,197.0,46000059670,1
2544,197.0,46000059679,22
2545,197.0,46000059680,25
2546,197.0,46000059700,34
2547,197.0,46000060011,3
2548,197.0,46000060268,7
2549,197.0,46000060270,1
2550,197.0,46000060410,10
2551,197.0,46000060413,1
2552,197.0,46000060414,61
2553,197.0,46000060419,1
2554,197.0,46000060630,1
2555,197.0,46000060718,44
2556,197.0,46000060727,2
2557,197.0,46000062681,2
2558,197.0,46000063681,1
2559,197.0,46000063709,2
2560,197.0,46000063816,14
2561,197.0,46000063825,7
2562,197.0,46000063826,27
2563,197.0,46000064170,1
2564,197.0,46000064395,3
2565,197.0,46000064396,1
2566,197.0,46000064578,35
2567,197.0,46000064784,24
2568,197.0,46000064878,5
2569,197.0,46000064881,4
2570,197.0,46000064891,17
2571,197.0,46000064903,1
2572,197.0,46000064940,38
2573,197.0,46000064980,4
2574,197.0,46000065008,14
2575,197.0,48000009810,3
2576,197.0,48000037963,1
2577,197.0,82512000610,1
2578,197.0,82512000812,1
2579,198.0,27470100000,13
2580,198.0,28452000000,2
2581,198.0,28796400000,1
2582,198.0,29952300000,1
2583,198.0,46000007116,1
2584,198.0,46000007288,1
2585,198.0,46000007582,12
2586,198.0,46000008385,2
2587,198.0,46000010550,9
2588,198.0,46000011734,1
2589,198.0,46000012696,1
2590,198.0,46000014318,9
2591,198.0,46000015892,1
2592,198.0,46000016160,1
2593,198.0,46000021381,8
2594,198.0,46000021383,1
2595,198.0,46000024765,1
2596,198.0,46000026514,1
2597,198.0,46000028908,1
2598,198.0,46000028909,1
2599,198.0,46000029300,1
2600,198.0,46000029305,2
2601,198.0,46000029309,3
2602,198.0,46000055715,2
2603,198.0,46000055728,1
2604,198.0,46000055768,3
2605,198.0,46000055773,1
2606,198.0,46000055820,2
2607,198.0,46000055832,2
2608,198.0,46000055836,1
2609,198.0,46000055843,5
2610,198.0,46000055854,1
2611,198.0,46000055863,7
2612,198.0,46000055871,1
2613,198.0,46000055903,3
2614,198.0,46000055913,7
2615,198.0,46000055932,1
2616,198.0,46000055934,2
2617,198.0,46000055935,4
2618,198.0,46000055938,1
2619,198.0,46000055943,2
2620,198.0,46000057364,1
2621,198.0,46000057474,4
2622,198.0,46000057583,25
2623,198.0,46000057614,1
2624,198.0,46000058489,1
2625,198.0,46000058735,1
2626,198.0,46000059700,1
2627,198.0,46000060011,2
2628,198.0,46000060270,3
2629,198.0,46000060413,2
2630,198.0,46000060414,1
2631,198.0,46000060718,3
2632,198.0,46000063709,6
2633,198.0,46000064385,7
2634,198.0,46000064395,19
2635,198.0,46000064396,18
2636,198.0,46000064578,3
2637,198.0,46000064579,1
2638,198.0,46000064784,1
2639,198.0,46000064878,31
2640,198.0,46000064891,25
2641,198.0,46000064903,1
2642,198.0,48000009810,2
2643,198.0,48000018567,1
2644,198.0,82512000812,1
2645,199.0,46000007336,1
2646,199.0,46000008487,1
2647,199.0,46000055768,1
2648,199.0,46000055843,2
2649,199.0,46000055863,1
2650,199.0,46000055913,2
2651,199.0,46000060414,1
2652,199.0,46000063808,12
2653,199.0,46000063809,9
2654,199.0,46000064385,3
2655,199.0,46000064579,3
2656,199.0,46000064891,1
2657,199.0,46000064980,1
2658,199.0,82512000610,1
2659,200.0,26887100000,1
2660,200.0,27720900000,1
2661,200.0,46000007116,1
2662,200.0,46000007288,1
2663,200.0,46000007333,1
2664,200.0,46000008487,26
2665,200.0,46000010703,1
2666,200.0,46000014318,1
2667,200.0,46000024073,1
2668,200.0,46000027169,1
2669,200.0,46000055736,1
2670,200.0,46000055751,1
2671,200.0,46000055773,1
2672,200.0,46000055775,1
2673,200.0,46000055808,1
2674,200.0,46000055820,1
2675,200.0,46000055843,39
2676,200.0,46000055878,1
2677,200.0,46000055880,2
2678,200.0,46000055911,1
2679,200.0,46000055934,2
2680,200.0,46000057614,1
2681,200.0,46000060242,1
2682,200.0,46000060636,2
2683,200.0,46000060718,1
2684,200.0,46000064603,1
2685,201.0,26139600000,25
2686,201.0,26278000000,2
2687,201.0,26740400000,13
2688,201.0,26887100000,15
2689,201.0,27074300000,13
2690,201.0,27690800000,4
2691,201.0,28796400000,15
2692,201.0,46000003328,13
2693,201.0,46000006965,2
2694,201.0,46000007332,11
2695,201.0,46000007333,6
2696,201.0,46000007334,11
2697,201.0,46000007336,10
2698,201.0,46000008385,21
2699,201.0,46000008487,1
2700,201.0,46000010080,11
2701,201.0,46000010550,4
2702,201.0,46000010703,15
2703,201.0,46000011087,4
2704,201.0,46000011089,11
2705,201.0,46000011157,7
2706,201.0,46000014318,14
2707,201.0,46000015079,6
2708,201.0,46000020429,9
2709,201.0,46000021384,1
2710,201.0,46000024073,18
2711,201.0,46000024765,22
2712,201.0,46000026514,26
2713,201.0,46000026516,11
2714,201.0,46000027163,9
2715,201.0,46000027169,16
2716,201.0,46000029060,25
2717,201.0,46000055728,2
2718,201.0,46000055736,25
2719,201.0,46000055751,19
2720,201.0,46000055766,16
2721,201.0,46000055773,27
2722,201.0,46000055775,21
2723,201.0,46000055794,2
2724,201.0,46000055808,1
2725,201.0,46000055820,19
2726,201.0,46000055832,26
2727,201.0,46000055836,1
2728,201.0,46000055848,2
2729,201.0,46000055871,2
2730,201.0,46000055878,2
2731,201.0,46000055880,1
2732,201.0,46000055881,7
2733,201.0,46000055893,1
2734,201.0,46000055903,8
2735,201.0,46000055911,21
2736,201.0,46000055913,7
2737,201.0,46000057614,25
2738,201.0,46000058735,1
2739,201.0,46000059666,1
2740,201.0,46000059670,13
2741,201.0,46000059671,2
2742,201.0,46000060242,14
2743,201.0,46000060601,15
2744,201.0,46000060636,14
2745,201.0,46000060727,1
2746,201.0,46000063681,2
2747,201.0,46000064170,22
2748,201.0,46000064478,1
2749,201.0,46000064578,1
2750,201.0,46000064579,3
2751,201.0,46000064581,15
2752,201.0,46000064603,23
2753,201.0,46000064656,16
2754,201.0,46000064783,4
2755,201.0,46000064785,9
2756,201.0,46000064891,1
2757,201.0,46000064903,15
2758,201.0,48000009810,1
2759,201.0,48000018567,3
2760,202.0,26104100000,3
2761,202.0,26139600000,3
2762,202.0,26278000000,1
2763,202.0,26740400000,7
2764,202.0,26887100000,7
2765,202.0,27074300000,16
2766,202.0,27690800000,2
2767,202.0,28796400000,9
2768,202.0,28887900000,1
2769,202.0,46000003328,3
2770,202.0,46000006049,2
2771,202.0,46000006965,3
2772,202.0,46000007116,3
2773,202.0,46000007288,3
2774,202.0,46000007332,17
2775,202.0,46000007333,19
2776,202.0,46000007334,13
2777,202.0,46000007336,13
2778,202.0,46000007582,6
2779,202.0,46000008385,7
2780,202.0,46000010080,17
2781,202.0,46000010703,4
2782,202.0,46000011087,17
2783,202.0,46000011089,9
2784,202.0,46000011157,14
2785,202.0,46000012696,1
2786,202.0,46000014318,5
2787,202.0,46000015079,4
2788,202.0,46000020429,3
2789,202.0,46000024073,9
2790,202.0,46000024765,5
2791,202.0,46000026514,5
2792,202.0,46000026516,9
2793,202.0,46000027163,17
2794,202.0,46000027169,14
2795,202.0,46000029060,3
2796,202.0,46000055711,1
2797,202.0,46000055728,5
2798,202.0,46000055742,21
2799,202.0,46000055751,6
2800,202.0,46000055775,6
2801,202.0,46000055794,3
2802,202.0,46000055808,3
2803,202.0,46000055820,4
2804,202.0,46000055836,1
2805,202.0,46000055848,25
2806,202.0,46000055871,3
2807,202.0,46000055877,1
2808,202.0,46000055878,2
2809,202.0,46000055880,1
2810,202.0,46000055881,2
2811,202.0,46000055893,6
2812,202.0,46000055899,4
2813,202.0,46000055903,6
2814,202.0,46000055911,3
2815,202.0,46000055938,1
2816,202.0,46000056503,3
2817,202.0,46000057614,2
2818,202.0,46000058735,5
2819,202.0,46000059425,2
2820,202.0,46000059666,3
2821,202.0,46000059669,1
2822,202.0,46000059670,6
2823,202.0,46000059671,1
2824,202.0,46000060242,9
2825,202.0,46000060601,10
2826,202.0,46000060636,9
2827,202.0,46000060727,3
2828,202.0,46000062848,1
2829,202.0,46000063681,2
2830,202.0,46000063949,2
2831,202.0,46000064170,3
2832,202.0,46000064478,26
2833,202.0,46000064579,21
2834,202.0,46000064581,10
2835,202.0,46000064603,5
2836,202.0,46000064656,6
2837,202.0,46000064783,24
2838,202.0,46000064785,15
2839,202.0,46000064903,10
2840,202.0,48000018567,1
2841,203.0,26104100000,22
2842,203.0,26139600000,2
2843,203.0,26278000000,23
2844,203.0,26887100000,3
2845,203.0,27470100000,1
2846,203.0,27690800000,23
2847,203.0,27720900000,22
2848,203.0,28887900000,16
2849,203.0,29952300000,5
2850,203.0,46000006965,21
2851,203.0,46000007116,6
2852,203.0,46000007288,23
2853,203.0,46000007335,4
2854,203.0,46000007336,1
2855,203.0,46000007582,1
2856,203.0,46000008385,1
2857,203.0,46000008487,1
2858,203.0,46000010550,1
2859,203.0,46000011734,12
2860,203.0,46000012696,3
2861,203.0,46000016160,1
2862,203.0,46000020429,1
2863,203.0,46000026514,1
2864,203.0,46000026516,1
2865,203.0,46000028908,1
2866,203.0,46000028962,1
2867,203.0,46000029300,1
2868,203.0,46000055711,22
2869,203.0,46000055728,19
2870,203.0,46000055736,1
2871,203.0,46000055768,2
2872,203.0,46000055773,1
2873,203.0,46000055794,22
2874,203.0,46000055808,17
2875,203.0,46000055827,4
2876,203.0,46000055836,2
2877,203.0,46000055854,4
2878,203.0,46000055863,1
2879,203.0,46000055871,19
2880,203.0,46000055877,22
2881,203.0,46000055878,17
2882,203.0,46000055880,19
2883,203.0,46000055881,18
2884,203.0,46000055893,14
2885,203.0,46000055899,21
2886,203.0,46000055903,7
2887,203.0,46000055913,1
2888,203.0,46000055938,1
2889,203.0,46000055943,2
2890,203.0,46000057364,1
2891,203.0,46000057583,1
2892,203.0,46000057614,1
2893,203.0,46000058735,20
2894,203.0,46000059425,21
2895,203.0,46000059666,18
2896,203.0,46000059669,22
2897,203.0,46000059671,22
2898,203.0,46000060410,1
2899,203.0,46000060636,2
2900,203.0,46000060727,22
2901,203.0,46000063681,15
2902,203.0,46000063949,21
2903,203.0,46000064385,1
2904,203.0,46000064396,3
2905,203.0,46000064478,1
2906,203.0,46000064579,1
2907,203.0,46000064783,1
2908,203.0,46000064785,1
2909,203.0,46000064878,1
2910,203.0,46000064891,1
2911,203.0,46000064903,4
2912,203.0,48000009810,2
2913,203.0,48000018567,21
2914,204.0,26104100000,3
2915,204.0,26278000000,2
2916,204.0,27470100000,1
2917,204.0,27720900000,2
2918,204.0,28887900000,2
2919,204.0,29952300000,3
2920,204.0,46000006965,1
2921,204.0,46000007116,9
2922,204.0,46000007288,4
2923,204.0,46000007332,1
2924,204.0,46000007333,2
2925,204.0,46000007334,1
2926,204.0,46000007335,6
2927,204.0,46000011734,2
2928,204.0,46000012696,3
2929,204.0,46000014318,2
2930,204.0,46000015892,1
2931,204.0,46000019788,1
2932,204.0,46000024761,1
2933,204.0,46000055711,2
2934,204.0,46000055728,2
2935,204.0,46000055742,1
2936,204.0,46000055768,2
2937,204.0,46000055794,2
2938,204.0,46000055808,2
2939,204.0,46000055827,1
2940,204.0,46000055832,1
2941,204.0,46000055843,1
2942,204.0,46000055848,2
2943,204.0,46000055854,4
2944,204.0,46000055871,1
2945,204.0,46000055877,2
2946,204.0,46000055878,4
2947,204.0,46000055880,1
2948,204.0,46000055881,4
2949,204.0,46000055893,1
2950,204.0,46000055899,1
2951,204.0,46000055903,1
2952,204.0,46000055938,7
2953,204.0,46000055943,1
2954,204.0,46000058735,2
2955,204.0,46000059425,1
2956,204.0,46000059666,5
2957,204.0,46000059669,2
2958,204.0,46000059671,4
2959,204.0,46000060630,1
2960,204.0,46000060727,2
2961,204.0,46000063681,2
2962,204.0,46000063949,5
2963,204.0,46000064395,1
2964,204.0,46000064396,1
2965,204.0,46000064785,1
2966,204.0,46000064903,3
2967,204.0,48000009810,3
2968,204.0,48000018567,3
2969,205.0,26104100000,1
2970,205.0,26740400000,1
2971,205.0,29952300000,8
2972,205.0,46000006965,2
2973,205.0,46000007116,10
2974,205.0,46000007288,10
2975,205.0,46000007335,4
2976,205.0,46000007336,1
2977,205.0,46000007560,1
2978,205.0,46000008433,1
2979,205.0,46000008434,1
2980,205.0,46000008487,1
2981,205.0,46000010550,2
2982,205.0,46000011734,8
2983,205.0,46000012696,7
2984,205.0,46000015892,1
2985,205.0,46000021385,3
2986,205.0,46000050195,1
2987,205.0,46000055711,2
2988,205.0,46000055715,1
2989,205.0,46000055728,2
2990,205.0,46000055736,2
2991,205.0,46000055766,1
2992,205.0,46000055768,9
2993,205.0,46000055773,2
2994,205.0,46000055827,7
2995,205.0,46000055832,3
2996,205.0,46000055836,11
2997,205.0,46000055854,10
2998,205.0,46000055863,2
2999,205.0,46000055877,1
3000,205.0,46000055878,1
3001,205.0,46000055881,1
3002,205.0,46000055899,1
3003,205.0,46000055903,9
3004,205.0,46000055934,1
3005,205.0,46000055938,8
3006,205.0,46000055943,10
3007,205.0,46000057614,2
3008,205.0,46000058735,2
3009,205.0,46000059425,1
3010,205.0,46000059669,2
3011,205.0,46000059671,1
3012,205.0,46000059679,1
3013,205.0,46000059680,1
3014,205.0,46000060601,3
3015,205.0,46000060727,1
3016,205.0,46000062848,1
3017,205.0,46000063681,1
3018,205.0,46000063826,1
3019,205.0,46000063949,1
3020,205.0,46000064395,2
3021,205.0,46000064396,4
3022,205.0,46000064656,1
3023,205.0,46000064783,1
3024,205.0,46000064784,1
3025,205.0,46000064903,8
3026,205.0,46000064940,1
3027,205.0,48000009810,3
3028,205.0,48000018567,1
3029,206.0,26104100000,1
3030,206.0,27720900000,1
3031,206.0,29952300000,1
3032,206.0,46000007116,2
3033,206.0,46000007288,1
3034,206.0,46000007335,2
3035,206.0,46000010550,3
3036,206.0,46000011157,1
3037,206.0,46000011734,1
3038,206.0,46000012696,2
3039,206.0,46000055715,1
3040,206.0,46000055768,2
3041,206.0,46000055773,2
3042,206.0,46000055827,6
3043,206.0,46000055836,5
3044,206.0,46000055843,1
3045,206.0,46000055854,1
3046,206.0,46000055863,2
3047,206.0,46000055903,2
3048,206.0,46000055938,2
3049,206.0,46000055943,2
3050,206.0,46000060727,1
3051,206.0,46000063681,1
3052,206.0,46000063949,1
3053,206.0,46000064396,1
3054,206.0,46000064903,2
3055,206.0,48000009810,12
3056,207.0,46000006965,1
3057,207.0,46000024765,1
3058,207.0,46000026514,2
3059,207.0,46000027163,2
3060,207.0,46000055715,1
3061,207.0,46000055863,6
3062,207.0,46000055934,1
3063,207.0,46000055935,3
3064,207.0,46000057614,1
3065,207.0,46000059669,1
3066,207.0,46000060242,1
3067,208.0,26740400000,2
3068,208.0,28452000000,1
3069,208.0,46000007332,1
3070,208.0,46000007333,1
3071,208.0,46000008487,1
3072,208.0,46000024073,1
3073,208.0,46000024765,1
3074,208.0,46000026514,1
3075,208.0,46000027169,1
3076,208.0,46000055715,1
3077,208.0,46000055766,1
3078,208.0,46000055775,1
3079,208.0,46000055843,4
3080,208.0,46000055863,8
3081,208.0,46000055880,1
3082,208.0,46000055934,4
3083,208.0,46000055935,4
3084,208.0,46000059669,1
3085,208.0,46000060242,1
3086,208.0,46000063949,1
3087,208.0,46000064478,1
3088,208.0,46000064579,1
3089,208.0,46000064581,1
3090,208.0,46000064656,1
3091,208.0,46000064783,1
3092,209.0,26104100000,1
3093,209.0,26139600000,5
3094,209.0,26278000000,2
3095,209.0,26740400000,1
3096,209.0,27074300000,3
3097,209.0,27720900000,1
3098,209.0,28796400000,1
3099,209.0,28887900000,1
3100,209.0,46000003328,2
3101,209.0,46000007332,2
3102,209.0,46000007333,2
3103,209.0,46000008487,2
3104,209.0,46000010080,1
3105,209.0,46000010703,1
3106,209.0,46000011087,3
3107,209.0,46000011089,1
3108,209.0,46000011157,3
3109,209.0,46000011734,1
3110,209.0,46000024073,1
3111,209.0,46000024765,1
3112,209.0,46000026514,1
3113,209.0,46000026516,1
3114,209.0,46000027163,1
3115,209.0,46000027169,1
3116,209.0,46000029060,2
3117,209.0,46000055728,1
3118,209.0,46000055742,1
3119,209.0,46000055766,1
3120,209.0,46000055843,6
3121,209.0,46000055848,2
3122,209.0,46000055863,2
3123,209.0,46000055871,3
3124,209.0,46000055880,1
3125,209.0,46000055893,1
3126,209.0,46000059425,1
3127,209.0,46000060242,3
3128,209.0,46000060601,1
3129,209.0,46000064170,1
3130,209.0,46000064579,1
3131,209.0,46000064581,2
3132,209.0,46000064656,1
3133,209.0,46000064783,3
3134,210.0,27720900000,1
3135,210.0,28796400000,2
3136,210.0,46000007332,1
3137,210.0,46000011089,1
3138,210.0,46000011734,1
3139,210.0,46000024073,1
3140,210.0,46000026514,1
3141,210.0,46000027163,2
3142,210.0,46000055711,1
3143,210.0,46000055715,1
3144,210.0,46000055742,1
3145,210.0,46000055768,1
3146,210.0,46000055773,1
3147,210.0,46000055843,1
3148,210.0,46000055848,1
3149,210.0,46000055863,1
3150,215.0,26740400000,1
3151,215.0,29952300000,6
3152,215.0,46000006965,2
3153,215.0,46000007116,3
3154,215.0,46000007288,7
3155,215.0,46000007335,1
3156,215.0,46000011734,9
3157,215.0,46000012696,7
3158,215.0,46000015892,6
3159,215.0,46000021383,1
3160,215.0,46000021384,2
3161,215.0,46000021385,3
3162,215.0,46000024761,2
3163,215.0,46000055728,1
3164,215.0,46000055742,1
3165,215.0,46000055768,5
3166,215.0,46000055794,1
3167,215.0,46000055820,2
3168,215.0,46000055827,5
3169,215.0,46000055836,5
3170,215.0,46000055854,7
3171,215.0,46000055877,1
3172,215.0,46000055903,6
3173,215.0,46000055930,1
3174,215.0,46000055935,1
3175,215.0,46000055938,7
3176,215.0,46000055943,6
3177,215.0,46000060630,1
3178,215.0,46000062848,2
3179,215.0,46000064395,1
3180,215.0,46000064903,7
3181,215.0,48000009810,2
3182,215.0,48000037963,1
